case,exposure,step,n_detected,threshold_used,area_sigma,margin
clean,0.0,0,6,0.07963032673155578,0.08967774703640012,1.1261758015726284
clean,0.0,1,6,0.07963032673155578,0.09095805595175013,1.142253958826285
clean,0.0,2,6,0.07963032673155578,0.09323572596857477,1.1708570063122379
clean,0.0,3,6,0.07963032673155578,0.09556385646056041,1.2000937379387961
clean,0.0,4,6,0.07963032673155578,0.09813748507620444,1.2324134422685307
clean,0.0,5,6,0.07963032673155578,0.101400466980987,1.2733900656068033
clean,0.0,6,6,0.07963032673155578,0.09994635466418285,1.255129280093438
clean,0.0,7,6,0.07963032673155578,0.10349669166264852,1.2997145172033435
clean,0.0,8,6,0.07963032673155578,0.10668952363670899,1.3398101956353048
clean,0.0,9,6,0.07963032673155578,0.10937226542253513,1.373500146385727
clean,0.0,10,6,0.07963032673155578,0.11176861912351088,1.4035936270900593
clean,0.0,11,6,0.07963032673155578,0.11381274408340102,1.4292638088385425
clean,0.0,12,6,0.07963032673155578,0.11564802360693176,1.4523113034157995
clean,0.0,13,6,0.07963032673155578,0.11720379263009394,1.471848696856453
clean,0.0,14,6,0.07963032673155578,0.11863902253169464,1.4898723564408103
clean,0.0,15,6,0.07963032673155578,0.1199286136190033,1.506067079484658
clean,0.0,16,6,0.07963032673155578,0.12120719170456014,1.5221235009265428
clean,0.0,17,6,0.07963032673155578,0.12238666570851751,1.5369353703784105
clean,0.0,18,6,0.07963032673155578,0.12341236040718885,1.5498160747629233
clean,0.0,19,6,0.07963032673155578,0.12439542467823883,1.562161424975588
clean,0.0,20,6,0.07963032673155578,0.1253287540045045,1.5738822022795924
clean,0.0,21,6,0.07963032673155578,0.12614732780677815,1.5841618763167613
clean,0.0,22,6,0.07963032673155578,0.12687488863927332,1.5932986067856425
clean,0.0,23,6,0.07963032673155578,0.1275915933520381,1.602299005781629
clean,0.0,24,6,0.07963032673155578,0.1282062985115708,1.610018491369136
clean,0.0,25,6,0.07963032673155578,0.1288040698101083,1.6175253210290552
clean,0.0,26,6,0.07963032673155578,0.129315219135857,1.623944349390848
clean,0.0,27,6,0.07963032673155578,0.12979385086932177,1.629955020866281
clean,0.0,28,6,0.07963032673155578,0.1302327539453084,1.6354667786852113
clean,0.0,29,6,0.07963032673155578,0.13062634382624438,1.640409492059512
clean,0.0,30,6,0.07963032673155578,0.1309869002837597,1.6449373707247696
clean,0.0,31,6,0.07963032673155578,0.13130289920866484,1.6489056945766911
clean,0.0,32,6,0.07963032673155578,0.13160203358820888,1.6526622329688099
clean,0.0,33,6,0.07963032673155578,0.13190086295530037,1.6564149410055216
clean,0.0,34,6,0.07963032673155578,0.13215829502961254,1.65964778061423
clean,0.0,35,6,0.07963032673155578,0.1322944937165208,1.6613581677556442
clean,0.0,36,6,0.07963032673155578,0.13248201449655445,1.6637130592615625
clean,0.0,37,6,0.07963032673155578,0.13268783204980142,1.6662977221870434
clean,0.0,38,6,0.07963032673155578,0.13284885306006364,1.6683198287998298
clean,0.0,39,6,0.07963032673155578,0.1329917549502959,1.6701143949669885
clean,0.0,40,6,0.07963032673155578,0.13312620574546286,1.6718028320321814
clean,0.0,41,6,0.07963032673155578,0.1332433865463407,1.6732743919979323
clean,0.0,42,6,0.07963032673155578,0.13335685874730002,1.6746993792561393
clean,0.0,43,6,0.07963032673155578,0.13345532034329594,1.6759358628929306
clean,0.0,44,6,0.07963032673155578,0.13353903116078292,1.6769871058166121
clean,0.0,45,6,0.07963032673155578,0.13361325396534496,1.677919197993155
clean,0.0,46,6,0.07963032673155578,0.13367277675857203,1.6786666869922613
clean,0.0,47,6,0.07963032673155578,0.13373069888139916,1.6793940747251082
clean,0.0,48,6,0.07963032673155578,0.13378619523410137,1.6800909995649282
clean,0.0,49,6,0.07963032673155578,0.13384356855123553,1.6808114953796394
clean,0.0,50,6,0.07963032673155578,0.13390067192970062,1.6815286012965545
clean,0.0,51,6,0.07963032673155578,0.13395350092381517,1.682192029368282
clean,0.0,52,6,0.07963032673155578,0.1339998023185068,1.6827734836532522
clean,0.0,53,6,0.07963032673155578,0.13403991774181398,1.6832772543264833
clean,0.0,54,6,0.07963032673155578,0.13407223730806697,1.6836831243960857
clean,0.0,55,6,0.07963032673155578,0.13409886193823958,1.6840174772898313
clean,0.0,56,6,0.07963032673155578,0.1341251120702821,1.684347127224975
clean,0.0,57,6,0.07963032673155578,0.13414520570397326,1.6845994636716015
clean,0.0,58,6,0.07963032673155578,0.1341632585663751,1.684826172051974
clean,0.0,59,6,0.07963032673155578,0.13417859167988389,1.6850187257452482
clean,0.0,60,6,0.07963032673155578,0.13418967384194502,1.6851578958644227
clean,0.0,61,6,0.07963032673155578,0.1341983261651466,1.6852665519952803
clean,0.0,62,6,0.07963032673155578,0.13420856247525295,1.6853950998805711
clean,0.0,63,6,0.07963032673155578,0.13421623717589745,1.685491478998421
clean,0.0,64,6,0.07963032673155578,0.1342225655604706,1.6855709510391987
clean,0.0,65,6,0.07963032673155578,0.1342287767165655,1.6856489509212769
clean,0.0,66,6,0.07963032673155578,0.13423320776791065,1.6857045961952197
clean,0.0,67,6,0.07963032673155578,0.13423598265778033,1.6857394433443347
clean,0.0,68,6,0.07963032673155578,0.13424024782712862,1.6857930054672514
clean,0.0,69,6,0.07963032673155578,0.1342444895745842,1.6858462734573463
clean,0.0,70,6,0.07963032673155578,0.13424833262800254,1.6858945346359206
clean,0.0,71,6,0.07963032673155578,0.1342535043828784,1.6859594816867256
clean,0.0,72,6,0.07963032673155578,0.13425986889105768,1.6860394073688183
clean,0.0,73,6,0.07963032673155578,0.1342637218319373,1.6860877927144244
clean,0.0,74,6,0.07963032673155578,0.13426724083767996,1.6861319844926965
clean,0.0,75,6,0.07963032673155578,0.13427215872756545,1.6861937434994387
clean,0.0,76,6,0.07963032673155578,0.13427490155660138,1.6862281880276544
clean,0.0,77,6,0.07963032673155578,0.1342801472666818,1.6862940638101072
clean,0.0,78,6,0.07963032673155578,0.13428183804834298,1.6863152966962522
clean,0.0,79,6,0.07963032673155578,0.1342870905489354,1.6863812577541557
clean,0.0,80,6,0.07963032673155578,0.13428877638817527,1.6864024285732275
clean,0.0,81,6,0.07963032673155578,0.13429288583767676,1.6864540351616992
clean,0.0,82,6,0.07963032673155578,0.13429510386483637,1.686481889212419
clean,0.0,83,6,0.07963032673155578,0.13429497139970023,1.6864802257113185
clean,0.0,84,6,0.07963032673155578,0.1342971579314292,1.6865076842414883
clean,0.0,85,6,0.07963032673155578,0.1342991925164361,1.6865332346202246
clean,0.0,86,6,0.07963032673155578,0.13430179737664455,1.6865659465318212
clean,0.0,87,6,0.07963032673155578,0.1343011252511876,1.6865575059604392
clean,0.0,88,6,0.07963032673155578,0.1343047305254274,1.686602781101052
clean,0.0,89,6,0.07963032673155578,0.13430665841154585,1.686626991551989
clean,0.0,90,6,0.07963032673155578,0.1343077808526377,1.6866410872004425
clean,0.0,91,6,0.07963032673155578,0.13431064971005272,1.6866771143967731
clean,0.0,92,6,0.07963032673155578,0.13431245473964903,1.686699782011869
clean,0.0,93,6,0.07963032673155578,0.1343124651559285,1.686699912819815
clean,0.0,94,6,0.07963032673155578,0.1343118574265202,1.6866922809359177
clean,0.0,95,6,0.07963032673155578,0.13431328627833722,1.6867102244993273
clean,0.0,96,6,0.07963032673155578,0.13431391291981543,1.686718093881558
clean,0.0,97,6,0.07963032673155578,0.13431746222154825,1.6867626661177713
clean,0.0,98,6,0.07963032673155578,0.13431737522333242,1.686761573591602
clean,0.0,99,6,0.07963032673155578,0.1343174075957476,1.6867619801253497
clean,0.0,100,6,0.07963032673155578,0.13432204940273337,1.6868202720748657
clean,0.0,101,6,0.07963032673155578,0.13431811442485117,1.6867708565061532
clean,0.0,102,6,0.07963032673155578,0.13431904243551393,1.6867825104915235
clean,0.0,103,6,0.07963032673155578,0.13432386791528894,1.6868431090093632
clean,0.0,104,6,0.07963032673155578,0.13432373216288856,1.6868414042267013
clean,0.0,105,6,0.07963032673155578,0.13432413264425558,1.6868464334835616
clean,0.0,106,6,0.07963032673155578,0.13432386882503483,1.6868431204339789
clean,0.0,107,6,0.07963032673155578,0.13431995189248327,1.6867939314790628
clean,0.0,108,6,0.07963032673155578,0.13432002342162577,1.6867948297441513
clean,0.0,109,6,0.07963032673155578,0.13432351319924943,1.68683865447484
clean,0.0,110,6,0.07963032673155578,0.13431897464079404,1.6867816591234246
clean,0.0,111,6,0.07963032673155578,0.13431976277620933,1.686791556551297
clean,0.0,112,6,0.07963032673155578,0.13431926580443862,1.6867853155650911
clean,0.0,113,6,0.07963032673155578,0.13432018341733784,1.6867968389750392
clean,0.0,114,6,0.07963032673155578,0.1343211179463038,1.686808574817454
clean,0.0,115,6,0.07963032673155578,0.1343209619869462,1.686806616275225
clean,0.0,116,6,0.07963032673155578,0.1343210623468951,1.6868078765984336
clean,0.0,117,6,0.07963032673155578,0.13432183197783276,1.6868175416465285
clean,0.0,118,6,0.07963032673155578,0.13432157093210698,1.6868142634265777
clean,0.0,119,6,0.07963032673155578,0.13432304323359556,1.6868327526322486
clean,0.0,120,6,0.07963032673155578,0.1343229104269905,1.6868310848429713
clean,0.0,121,6,0.07963032673155578,0.13432332354434637,1.686836272782954
clean,0.0,122,6,0.07963032673155578,0.13432274420870777,1.6868289974688573
clean,0.0,123,6,0.07963032673155578,0.13432266378198335,1.6868279874676715
clean,0.0,124,6,0.07963032673155578,0.13432234316517516,1.6868239611523046
clean,0.0,125,6,0.07963032673155578,0.13432202894819972,1.6868200152062267
clean,0.0,126,6,0.07963032673155578,0.13432197236947205,1.68681930468889
clean,0.0,127,6,0.07963032673155578,0.1343217825601453,1.6868169210577466
clean,0.0,128,6,0.07963032673155578,0.1343219645225043,1.6868192061464369
clean,0.0,129,6,0.07963032673155578,0.134321778337231,1.6868168680262638
clean,0.0,130,6,0.07963032673155578,0.13432147411601178,1.6868130476071888
clean,0.0,131,6,0.07963032673155578,0.13432119920194363,1.6868095952281839
clean,0.0,132,6,0.07963032673155578,0.13432104611536197,1.6868076727623604
clean,0.0,133,6,0.07963032673155578,0.13432136648488174,1.6868116959722719
clean,0.0,134,6,0.07963032673155578,0.13432138131299068,1.686811882184103
clean,0.0,135,6,0.07963032673155578,0.13432128852873404,1.6868107169966617
clean,0.0,136,6,0.07963032673155578,0.1343215983803669,1.686814608122638
clean,0.0,137,6,0.07963032673155578,0.13432113889913205,1.6868088379436912
clean,0.0,138,6,0.07963032673155578,0.13432112860810602,1.6868087087086818
clean,0.0,139,6,0.07963032673155578,0.13432100791821777,1.686807193081493
clean,0.0,140,6,0.07963032673155578,0.1343215404051213,1.6868138800677879
clean,0.0,141,6,0.07963032673155578,0.13432092420020778,1.6868061417482456
clean,0.0,142,6,0.07963032673155578,0.1343217088016838,1.686815994796804
clean,0.0,143,6,0.07963032673155578,0.13432115978718479,1.6868091002564758
clean,0.0,144,6,0.07963032673155578,0.1343215403846497,1.6868138798107049
clean,0.0,145,6,0.07963032673155578,0.13432108298712894,1.6868081357991014
clean,0.0,146,6,0.07963032673155578,0.13432155001651672,1.6868140007679762
clean,0.0,147,6,0.07963032673155578,0.13432114958824498,1.6868089721778878
clean,0.0,148,6,0.07963032673155578,0.13432150644544716,1.686813453601195
clean,0.0,149,6,0.07963032673155578,0.13432154854888878,1.686813982337461
clean,0.04,0,6,0.07963032673155578,0.08967774703640012,1.1261758015726284
clean,0.04,1,6,0.07963032673155578,0.09095829896681533,1.1422570106166665
clean,0.04,2,6,0.07963032673155578,0.09325124241536302,1.171051862310262
clean,0.04,3,6,0.07963032673155578,0.09556416469140566,1.200097608710874
clean,0.04,4,6,0.07963032673155578,0.09813503674257706,1.232382696022372
clean,0.04,5,6,0.07963032673155578,0.10139310992235723,1.273297675446776
clean,0.04,6,6,0.07963032673155578,0.09990071137818196,1.254556090356885
clean,0.04,7,6,0.07963032673155578,0.10347555830240937,1.2994491238399535
clean,0.04,8,6,0.07963032673155578,0.10666718888104007,1.3395297151125485
clean,0.04,9,6,0.07963032673155578,0.10936037684940915,1.373350849332532
clean,0.04,10,6,0.07963032673155578,0.111772499586542,1.4036423580596584
clean,0.04,11,6,0.07963032673155578,0.11381849520683474,1.4293360316168453
clean,0.04,12,6,0.07963032673155578,0.11564618979809428,1.4522882743901413
clean,0.04,13,6,0.07963032673155578,0.11721746906658012,1.4720204459506427
clean,0.04,14,6,0.07963032673155578,0.11864909610430231,1.4899988606637757
clean,0.04,15,6,0.07963032673155578,0.11993620584780798,1.5061624229187027
clean,0.04,16,6,0.07963032673155578,0.12121426760018762,1.5222123602332656
clean,0.04,17,6,0.07963032673155578,0.12239713249307738,1.53706681256871
clean,0.04,18,6,0.07963032673155578,0.12342384688791509,1.5499603223278613
clean,0.04,19,6,0.07963032673155578,0.12440282618395114,1.5622543733033936
clean,0.04,20,6,0.07963032673155578,0.12533843134795364,1.5740037306450574
clean,0.04,21,6,0.07963032673155578,0.12615842024039375,1.584301175426421
clean,0.04,22,6,0.07963032673155578,0.12688122530577203,1.5933781828310865
clean,0.04,23,6,0.07963032673155578,0.12759672235889907,1.602363416001598
clean,0.04,24,6,0.07963032673155578,0.12821004548432857,1.6100655459639313
clean,0.04,25,6,0.07963032673155578,0.12880930351487946,1.6175910460484788
clean,0.04,26,6,0.07963032673155578,0.12932083192516297,1.6240148349650803
clean,0.04,27,6,0.07963032673155578,0.1297972886343924,1.6299981924217894
clean,0.04,28,6,0.07963032673155578,0.13023834042990518,1.6355369339241268
clean,0.04,29,6,0.07963032673155578,0.13062969290644208,1.640451549907761
clean,0.04,30,6,0.07963032673155578,0.1309886680526836,1.6449595704192388
clean,0.04,31,6,0.07963032673155578,0.13130781878431327,1.6489674747532943
clean,0.04,32,6,0.07963032673155578,0.13160545571007873,1.6527052080765396
clean,0.04,33,6,0.07963032673155578,0.13190407765054177,1.6564553112435119
clean,0.04,34,6,0.07963032673155578,0.13216072458030695,1.6596782909837604
clean,0.04,35,6,0.07963032673155578,0.13229648549198936,1.6613831805309311
clean,0.04,36,6,0.07963032673155578,0.13248474914023572,1.6637474009978523
clean,0.04,37,6,0.07963032673155578,0.13268849708857952,1.6663060737637025
clean,0.04,38,6,0.07963032673155578,0.1328505266904831,1.6683408463001737
clean,0.04,39,6,0.07963032673155578,0.1329937181836747,1.6701390493098676
clean,0.04,40,6,0.07963032673155578,0.13312671905111123,1.6718092781397065
clean,0.04,41,6,0.07963032673155578,0.13324570058424146,1.6733034517543812
clean,0.04,42,6,0.07963032673155578,0.13335786736170396,1.6747120454656772
clean,0.04,43,6,0.07963032673155578,0.13345867219178909,1.6759779555055159
clean,0.04,44,6,0.07963032673155578,0.13353940182975035,1.676991760688476
clean,0.04,45,6,0.07963032673155578,0.1336135769938576,1.6779232545947778
clean,0.04,46,6,0.07963032673155578,0.13367244280181023,1.678662493153362
clean,0.04,47,6,0.07963032673155578,0.13373075855754862,1.6793948241399594
clean,0.04,48,6,0.07963032673155578,0.13378647646280428,1.6800945312433033
clean,0.04,49,6,0.07963032673155578,0.13384346942359826,1.6808102505318365
clean,0.04,50,6,0.07963032673155578,0.1339013040818977,1.6815365398825561
clean,0.04,51,6,0.07963032673155578,0.1339532138600341,1.6821884244128227
clean,0.04,52,6,0.07963032673155578,0.13400119065643706,1.6827909184420726
clean,0.04,53,6,0.07963032673155578,0.13404008526895694,1.6832793581373031
clean,0.04,54,6,0.07963032673155578,0.13407353285637572,1.6836993939300926
clean,0.04,55,6,0.07963032673155578,0.13409953746115216,1.6840259605265617
clean,0.04,56,6,0.07963032673155578,0.13412648299788277,1.684364343374361
clean,0.04,57,6,0.07963032673155578,0.13414580355283803,1.6846069714753407
clean,0.04,58,6,0.07963032673155578,0.13416475411236967,1.684844953162839
clean,0.04,59,6,0.07963032673155578,0.13417843627846043,1.685016774209573
clean,0.04,60,6,0.07963032673155578,0.13418988977103177,1.6851606075082852
clean,0.04,61,6,0.07963032673155578,0.1341979923566031,1.6852623600177108
clean,0.04,62,6,0.07963032673155578,0.1342075042800397,1.6853818110337624
clean,0.04,63,6,0.07963032673155578,0.13421647781041407,1.6854945008938031
clean,0.04,64,6,0.07963032673155578,0.13422312354738333,1.6855779582553643
clean,0.04,65,6,0.07963032673155578,0.13422755426451038,1.6856335993321865
clean,0.04,66,6,0.07963032673155578,0.1342327166709127,1.685698428984584
clean,0.04,67,6,0.07963032673155578,0.1342358033961713,1.6857371921717428
clean,0.04,68,6,0.07963032673155578,0.1342401003701058,1.6857911536975945
clean,0.04,69,6,0.07963032673155578,0.13424333006647315,1.6858317123201685
clean,0.04,70,6,0.07963032673155578,0.13424886270400171,1.6859011913460076
clean,0.04,71,6,0.07963032673155578,0.13425341616300393,1.685958373818931
clean,0.04,72,6,0.07963032673155578,0.13425870496316428,1.6860247907278831
clean,0.04,73,6,0.07963032673155578,0.1342616868904349,1.686062237858807
clean,0.04,74,6,0.07963032673155578,0.13426826207445855,1.6861448092143887
clean,0.04,75,6,0.07963032673155578,0.1342718894750963,1.6861903622189618
clean,0.04,76,6,0.07963032673155578,0.1342752224567182,1.6862322179008193
clean,0.04,77,6,0.07963032673155578,0.13427909605083702,1.6862808626104144
clean,0.04,78,6,0.07963032673155578,0.13428297367116007,1.6863295578812014
clean,0.04,79,6,0.07963032673155578,0.13428564955134525,1.686363161663768
clean,0.04,80,6,0.07963032673155578,0.13428772588884666,1.6863892363715662
clean,0.04,81,6,0.07963032673155578,0.134292846367048,1.6864535394883748
clean,0.04,82,6,0.07963032673155578,0.13429561384859412,1.6864882936035432
clean,0.04,83,6,0.07963032673155578,0.13429667819428603,1.686501659688245
clean,0.04,84,6,0.07963032673155578,0.1342946674788185,1.6864764090638902
clean,0.04,85,6,0.07963032673155578,0.1342973443024755,1.6865100246946039
clean,0.04,86,6,0.07963032673155578,0.13429837669096134,1.6865229894597658
clean,0.04,87,6,0.07963032673155578,0.13430106192298563,1.6865567106830044
clean,0.04,88,6,0.07963032673155578,0.1343077773525867,1.6866410432466985
clean,0.04,89,6,0.07963032673155578,0.13430750679006673,1.6866376455145646
clean,0.04,90,6,0.07963032673155578,0.13430722847729842,1.6866341504545828
clean,0.04,91,6,0.07963032673155578,0.1343088515314591,1.686654532816772
clean,0.04,92,6,0.07963032673155578,0.13430979363345136,1.686666363761475
clean,0.04,93,6,0.07963032673155578,0.13431209363603205,1.686695247261959
clean,0.04,94,6,0.07963032673155578,0.1343111368768666,1.686683232252041
clean,0.04,95,6,0.07963032673155578,0.13431671536120543,1.6867532870234805
clean,0.04,96,6,0.07963032673155578,0.13431732158989382,1.6867609000612924
clean,0.04,97,6,0.07963032673155578,0.1343206987201917,1.6868033101635298
clean,0.04,98,6,0.07963032673155578,0.13432001038770727,1.6867946660638171
clean,0.04,99,6,0.07963032673155578,0.13431893592649702,1.6867811729481368
clean,0.04,100,6,0.07963032673155578,0.13431990711700598,1.6867933691872936
clean,0.04,101,6,0.07963032673155578,0.13432266814968655,1.6868280423174176
clean,0.04,102,6,0.07963032673155578,0.13432051347054783,1.6868009837930191
clean,0.04,103,6,0.07963032673155578,0.1343210078055536,1.6868071916666527
clean,0.04,104,6,0.07963032673155578,0.1343215506719932,1.6868140089994692
clean,0.04,105,6,0.07963032673155578,0.1343215269100059,1.6868137105957295
clean,0.04,106,6,0.07963032673155578,0.1343210859232257,1.6868081726706912
clean,0.04,107,6,0.07963032673155578,0.13432351453118913,1.686838671201378
clean,0.04,108,6,0.07963032673155578,0.13432334878532495,1.68683658975991
clean,0.04,109,6,0.07963032673155578,0.1343231504890508,1.6868340995494302
clean,0.04,110,6,0.07963032673155578,0.13432315323815705,1.6868341340727877
clean,0.04,111,6,0.07963032673155578,0.13432343239194974,1.6868376396943787
clean,0.04,112,6,0.07963032673155578,0.1343211049637636,1.6868084117823297
clean,0.04,113,6,0.07963032673155578,0.13432102123573314,1.6868073603232452
clean,0.04,114,6,0.07963032673155578,0.13432076273180266,1.6868041140232348
clean,0.04,115,6,0.07963032673155578,0.1343206074054402,1.6868021634301777
clean,0.04,116,6,0.07963032673155578,0.13432068611895734,1.6868031519168558
clean,0.04,117,6,0.07963032673155578,0.13432009621489738,1.6867957438842107
clean,0.04,118,6,0.07963032673155578,0.1343195935600526,1.6867894315297924
clean,0.04,119,6,0.07963032673155578,0.13431985614120304,1.6867927290316516
clean,0.04,120,6,0.07963032673155578,0.13432045234242868,1.6868002161442894
clean,0.04,121,6,0.07963032673155578,0.13432003956168137,1.6867950324314473
clean,0.04,122,6,0.07963032673155578,0.13432284567104782,1.6868302716359267
clean,0.04,123,6,0.07963032673155578,0.13432032395221274,1.6867986038161578
clean,0.04,124,6,0.07963032673155578,0.13432307108561445,1.6868331023987262
clean,0.04,125,6,0.07963032673155578,0.13432121578829398,1.6868098035200625
clean,0.04,126,6,0.07963032673155578,0.13432046484464674,1.686800373147514
clean,0.04,127,6,0.07963032673155578,0.13432252344464218,1.6868262251071873
clean,0.04,128,6,0.07963032673155578,0.13432120077701426,1.6868096150079674
clean,0.04,129,6,0.07963032673155578,0.1343223601216927,1.6868241740927539
clean,0.04,130,6,0.07963032673155578,0.13432094204549166,1.6868063658498489
clean,0.04,131,6,0.07963032673155578,0.13432259025237894,1.686827064080723
clean,0.04,132,6,0.07963032673155578,0.13432146012368743,1.6868128718911652
clean,0.04,133,6,0.07963032673155578,0.13432285151875734,1.6868303450716358
clean,0.04,134,6,0.07963032673155578,0.13432094960953211,1.6868064608392925
clean,0.04,135,6,0.07963032673155578,0.13432263175216694,1.6868275852362888
clean,0.04,136,6,0.07963032673155578,0.13432185993364235,1.6868178927164128
clean,0.04,137,6,0.07963032673155578,0.13432257523053404,1.6868268754359501
clean,0.04,138,6,0.07963032673155578,0.13432210493410024,1.6868209694394145
clean,0.04,139,6,0.07963032673155578,0.13432361558444883,1.6868399402312044
clean,0.04,140,6,0.07963032673155578,0.13432111335647595,1.6868085171782599
clean,0.04,141,6,0.07963032673155578,0.13432079331693803,1.68680449811227
clean,0.04,142,6,0.07963032673155578,0.1343212811348858,1.686810624144497
clean,0.04,143,6,0.07963032673155578,0.1343212933661775,1.68681077774542
clean,0.04,144,6,0.07963032673155578,0.1343200468640473,1.686795124134775
clean,0.04,145,6,0.07963032673155578,0.13431998591859912,1.6867943587800327
clean,0.04,146,6,0.07963032673155578,0.13431997364473475,1.6867942046444806
clean,0.04,147,6,0.07963032673155578,0.13432034339512755,1.6867988479808573
clean,0.04,148,6,0.07963032673155578,0.13432023078231423,1.6867974337858145
clean,0.04,149,6,0.07963032673155578,0.13432022733677218,1.6867973905165954
clean,0.08,0,6,0.07963032673155578,0.08967774703640012,1.1261758015726284
clean,0.08,1,6,0.07963032673155578,0.09104250463543702,1.1433144678955443
clean,0.08,2,6,0.07963032673155578,0.09327565924097521,1.171358489528991
clean,0.08,3,6,0.07963032673155578,0.09555575487020453,1.1999919979273155
clean,0.08,4,6,0.07963032673155578,0.09813177833956123,1.2323417769008567
clean,0.08,5,6,0.07963032673155578,0.10137965682609945,1.2731287310657848
clean,0.08,6,6,0.07963032673155578,0.09989976742437624,1.2545442361570536
clean,0.08,7,6,0.07963032673155578,0.1034245743166269,1.2988088654374688
clean,0.08,8,6,0.07963032673155578,0.1065895179641127,1.3385543214388644
clean,0.08,9,6,0.07963032673155578,0.10934042166412665,1.3731002515251192
clean,0.08,10,6,0.07963032673155578,0.11177360453783612,1.4036562340707144
clean,0.08,11,6,0.07963032673155578,0.11383146279932796,1.4294988790271912
clean,0.08,12,6,0.07963032673155578,0.1156616235168026,1.4524820914864889
clean,0.08,13,6,0.07963032673155578,0.11723819761794611,1.4722807557122224
clean,0.08,14,6,0.07963032673155578,0.11866439670532691,1.490191006064311
clean,0.08,15,6,0.07963032673155578,0.11993969978204069,1.5062062998482109
clean,0.08,16,6,0.07963032673155578,0.12122353135494938,1.5223286947397532
clean,0.08,17,6,0.07963032673155578,0.12240242326600763,1.5371332542517648
clean,0.08,18,6,0.07963032673155578,0.12343981890657921,1.5501608994109863
clean,0.08,19,6,0.07963032673155578,0.12441525991069652,1.5624105164118767
clean,0.08,20,6,0.07963032673155578,0.12534904936707747,1.5741370720434875
clean,0.08,21,6,0.07963032673155578,0.1261686581826204,1.5844297438079267
clean,0.08,22,6,0.07963032673155578,0.12688786038226804,1.593461506318109
clean,0.08,23,6,0.07963032673155578,0.12760147715870368,1.6024231269182772
clean,0.08,24,6,0.07963032673155578,0.12821416443740843,1.6101172718986212
clean,0.08,25,6,0.07963032673155578,0.1288167237032418,1.6176842289935565
clean,0.08,26,6,0.07963032673155578,0.12932705191620056,1.62409294579663
clean,0.08,27,6,0.07963032673155578,0.12980132268497224,1.6300488521483711
clean,0.08,28,6,0.07963032673155578,0.13024247546320283,1.635588861794668
clean,0.08,29,6,0.07963032673155578,0.13063362813234594,1.6405009685911367
clean,0.08,30,6,0.07963032673155578,0.1309938876972143,1.6450251188697464
clean,0.08,31,6,0.07963032673155578,0.13131248039416082,1.6490260153877345
clean,0.08,32,6,0.07963032673155578,0.13160840882785008,1.652742293416919
clean,0.08,33,6,0.07963032673155578,0.13190701157125806,1.6564921555067056
clean,0.08,34,6,0.07963032673155578,0.13216217122501367,1.6596964579908053
clean,0.08,35,6,0.07963032673155578,0.1322972831557929,1.6613931976165852
clean,0.08,36,6,0.07963032673155578,0.13248697589942757,1.6637753647056912
clean,0.08,37,6,0.07963032673155578,0.13268983960381758,1.6663229331097982
clean,0.08,38,6,0.07963032673155578,0.13285175780017225,1.6683563066120883
clean,0.08,39,6,0.07963032673155578,0.13299678648962865,1.6701775811868533
clean,0.08,40,6,0.07963032673155578,0.1331284277459774,1.67183073598041
clean,0.08,41,6,0.07963032673155578,0.13324738959759685,1.6733246624340898
clean,0.08,42,6,0.07963032673155578,0.1333591030440533,1.674727563201194
clean,0.08,43,6,0.07963032673155578,0.13345903925263042,1.6759825650664257
clean,0.08,44,6,0.07963032673155578,0.1335418902399697,1.677023010217663
clean,0.08,45,6,0.07963032673155578,0.13361474077428245,1.6779378693837987
clean,0.08,46,6,0.07963032673155578,0.13367261496565566,1.6786646551920288
clean,0.08,47,6,0.07963032673155578,0.13373133093527054,1.6794020120763324
clean,0.08,48,6,0.07963032673155578,0.13378716162829465,1.680103135571811
clean,0.08,49,6,0.07963032673155578,0.1338450675164666,1.6808303194293777
clean,0.08,50,6,0.07963032673155578,0.1339019814703738,1.6815450465470883
clean,0.08,51,6,0.07963032673155578,0.1339536562801081,1.682193980337207
clean,0.08,52,6,0.07963032673155578,0.13400085116272425,1.6827866550699788
clean,0.08,53,6,0.07963032673155578,0.1340413964855497,1.6832958244340843
clean,0.08,54,6,0.07963032673155578,0.13407343884204825,1.6836982132953857
clean,0.08,55,6,0.07963032673155578,0.13410003081097893,1.6840321560282885
clean,0.08,56,6,0.07963032673155578,0.1341260677631394,1.6843591288441637
clean,0.08,57,6,0.07963032673155578,0.13414519980283757,1.684599389564965
clean,0.08,58,6,0.07963032673155578,0.13416456490752093,1.6848425771227487
clean,0.08,59,6,0.07963032673155578,0.13417853245881592,1.6850179820453237
clean,0.08,60,6,0.07963032673155578,0.13418973285383592,1.6851586369374953
clean,0.08,61,6,0.07963032673155578,0.1341981688054116,1.6852645758670708
clean,0.08,62,6,0.07963032673155578,0.1342080173212578,1.6853882538205645
clean,0.08,63,6,0.07963032673155578,0.1342163928146802,1.6854934335148615
clean,0.08,64,6,0.07963032673155578,0.13422297064555425,1.685576038109669
clean,0.08,65,6,0.07963032673155578,0.13422689608325783,1.685625333872536
clean,0.08,66,6,0.07963032673155578,0.13423267186751697,1.6856978663422144
clean,0.08,67,6,0.07963032673155578,0.13423676381611355,1.685749253153804
clean,0.08,68,6,0.07963032673155578,0.13424017581842335,1.6857921011797992
clean,0.08,69,6,0.07963032673155578,0.13424348244228357,1.6858336258601057
clean,0.08,70,6,0.07963032673155578,0.13424909177676683,1.685904068048572
clean,0.08,71,6,0.07963032673155578,0.13425351753785253,1.6859596468872802
clean,0.08,72,6,0.07963032673155578,0.13425871032016556,1.6860248580012638
clean,0.08,73,6,0.07963032673155578,0.13426166027735026,1.6860619036509021
clean,0.08,74,6,0.07963032673155578,0.13426801824067217,1.6861417471424822
clean,0.08,75,6,0.07963032673155578,0.13427193274101162,1.6861909055536068
clean,0.08,76,6,0.07963032673155578,0.13427612761922414,1.6862435849583601
clean,0.08,77,6,0.07963032673155578,0.1342791384611259,1.6862813952000777
clean,0.08,78,6,0.07963032673155578,0.13428278640345354,1.6863272061678
clean,0.08,79,6,0.07963032673155578,0.13428581201663609,1.686365201907699
clean,0.08,80,6,0.07963032673155578,0.13428903578469253,1.686405686082369
clean,0.08,81,6,0.07963032673155578,0.13429302766524848,1.6864558162365426
clean,0.08,82,6,0.07963032673155578,0.13429501257608403,1.686480742805565
clean,0.08,83,6,0.07963032673155578,0.13429670709294617,1.6865020225984741
clean,0.08,84,6,0.07963032673155578,0.13429462975700174,1.686475935352199
clean,0.08,85,6,0.07963032673155578,0.13429864641365216,1.6865263766453003
clean,0.08,86,6,0.07963032673155578,0.1342978763567387,1.6865167062477888
clean,0.08,87,6,0.07963032673155578,0.13430103340627458,1.686556352569303
clean,0.08,88,6,0.07963032673155578,0.1343079082592903,1.6866426871769569
clean,0.08,89,6,0.07963032673155578,0.13430781165925457,1.686641474070849
clean,0.08,90,6,0.07963032673155578,0.13430713421202273,1.6866329666684605
clean,0.08,91,6,0.07963032673155578,0.1343088515314591,1.686654532816772
clean,0.08,92,6,0.07963032673155578,0.13430964311089794,1.686664473494794
clean,0.08,93,6,0.07963032673155578,0.13431239792963376,1.6866990685900158
clean,0.08,94,6,0.07963032673155578,0.13431131036213484,1.6866854108851743
clean,0.08,95,6,0.07963032673155578,0.13431671536120543,1.6867532870234805
clean,0.08,96,6,0.07963032673155578,0.13431767652702709,1.6867653573723176
clean,0.08,97,6,0.07963032673155578,0.13432017972177746,1.6867967925660825
clean,0.08,98,6,0.07963032673155578,0.13431984722224813,1.6867926170271519
clean,0.08,99,6,0.07963032673155578,0.13431868126480487,1.6867779748990692
clean,0.08,100,6,0.07963032673155578,0.13432009569131373,1.6867957373090319
clean,0.08,101,6,0.07963032673155578,0.13432308264872653,1.6868332476086298
clean,0.08,102,6,0.07963032673155578,0.13432022717418424,1.6867973884748113
clean,0.08,103,6,0.07963032673155578,0.13432116202825115,1.6868091283998534
clean,0.08,104,6,0.07963032673155578,0.13432151414761215,1.6868135503252109
clean,0.08,105,6,0.07963032673155578,0.13432186508081864,1.686817957354805
clean,0.08,106,6,0.07963032673155578,0.13432328116029646,1.6868357405228007
clean,0.08,107,6,0.07963032673155578,0.1343231623494415,1.6868342484925676
clean,0.08,108,6,0.07963032673155578,0.13432328906918184,1.6868358398428174
clean,0.08,109,6,0.07963032673155578,0.13432307624360304,1.6868331671728996
clean,0.08,110,6,0.07963032673155578,0.13432314228154313,1.6868339964793058
clean,0.08,111,6,0.07963032673155578,0.134323611537295,1.6868398894069268
clean,0.08,112,6,0.07963032673155578,0.13432116901709265,1.6868092161659318
clean,0.08,113,6,0.07963032673155578,0.13432143250753478,1.686812525086703
clean,0.08,114,6,0.07963032673155578,0.1343209314717412,1.6868062330643776
clean,0.08,115,6,0.07963032673155578,0.1343206410840888,1.686802586367644
clean,0.08,116,6,0.07963032673155578,0.13432066720429067,1.686802914385912
clean,0.08,117,6,0.07963032673155578,0.13432006158470153,1.6867953089971863
clean,0.08,118,6,0.07963032673155578,0.13431977476814075,1.6867917071463268
clean,0.08,119,6,0.07963032673155578,0.13432017740776178,1.686796763506605
clean,0.08,120,6,0.07963032673155578,0.13431972331924075,1.6867910610495178
clean,0.08,121,6,0.07963032673155578,0.13432011826926882,1.68679602084366
clean,0.08,122,6,0.07963032673155578,0.13432206673208477,1.6868204896973735
clean,0.08,123,6,0.07963032673155578,0.13432093498939685,1.6868062772392012
clean,0.08,124,6,0.07963032673155578,0.1343214679913467,1.6868129706934634
clean,0.08,125,6,0.07963032673155578,0.1343215383116536,1.686813853777959
clean,0.08,126,6,0.07963032673155578,0.1343223958252595,1.6868246224592025
clean,0.08,127,6,0.07963032673155578,0.1343201218928342,1.6867960663485015
clean,0.08,128,6,0.07963032673155578,0.13432223560581227,1.686822610418642
clean,0.08,129,6,0.07963032673155578,0.13432132399228447,1.6868111623489777
clean,0.08,130,6,0.07963032673155578,0.13432251285515265,1.6868260921240643
clean,0.08,131,6,0.07963032673155578,0.1343223587164977,1.6868241564462734
clean,0.08,132,6,0.07963032673155578,0.134322629550161,1.6868275575834333
clean,0.08,133,6,0.07963032673155578,0.13432230822981972,1.686823522433077
clean,0.08,134,6,0.07963032673155578,0.13432338295938226,1.6868370189187332
clean,0.08,135,6,0.07963032673155578,0.13432141640020934,1.6868123228104333
clean,0.08,136,6,0.07963032673155578,0.13432322291324517,1.6868350090546065
clean,0.08,137,6,0.07963032673155578,0.13432108160348913,1.6868081184233117
clean,0.08,138,6,0.07963032673155578,0.13432119881132326,1.6868095903227618
clean,0.08,139,6,0.07963032673155578,0.1343206703821515,1.6868029542935823
clean,0.08,140,6,0.07963032673155578,0.13432017838296165,1.6867967757531939
clean,0.08,141,6,0.07963032673155578,0.1343201712877832,1.686796686651733
clean,0.08,142,6,0.07963032673155578,0.13432048289332083,1.6868005998032973
clean,0.08,143,6,0.07963032673155578,0.13432017474779762,1.6867967301026965
clean,0.08,144,6,0.07963032673155578,0.13432002534773507,1.686794853932289
clean,0.08,145,6,0.07963032673155578,0.13431995288826906,1.6867939439841702
clean,0.08,146,6,0.07963032673155578,0.13431991272754126,1.6867934396445619
clean,0.08,147,6,0.07963032673155578,0.13431981695547668,1.68679223693614
clean,0.08,148,6,0.07963032673155578,0.13432035584927315,1.6867990043803864
clean,0.08,149,6,0.07963032673155578,0.13432031983062245,1.686798552057105
clean,0.12,0,6,0.07963032673155578,0.08967774703640012,1.1261758015726284
clean,0.12,1,3,0.03296208567631403,0.05209794504466044,1.5805415214394976
clean,0.12,2,6,0.07963032673155578,0.09708390362101053,1.2191825351702128
clean,0.12,3,6,0.07963032673155578,0.09956822102304798,1.2503806666360349
clean,0.12,4,6,0.07963032673155578,0.10186725489135642,1.2792520020012506
clean,0.12,5,6,0.07963032673155578,0.10418145045629432,1.308313738401496
clean,0.12,6,6,0.07963032673155578,0.10690314231934339,1.3424928253745314
clean,0.12,7,6,0.07963032673155578,0.1068225175931549,1.341480337676719
clean,0.12,8,6,0.07963032673155578,0.10967724252903657,1.3773300579159102
clean,0.12,9,6,0.07963032673155578,0.11210379620915074,1.4078027908521245
clean,0.12,10,6,0.07963032673155578,0.11421973466525799,1.434374808611644
clean,0.12,11,6,0.07963032673155578,0.11603770916558027,1.4572049861952536
clean,0.12,12,6,0.07963032673155578,0.11772061910172602,1.478339018984282
clean,0.12,13,6,0.07963032673155578,0.11918381794066084,1.4967139133115082
clean,0.12,14,6,0.07963032673155578,0.12046107942314566,1.5127538008130454
clean,0.12,15,6,0.07963032673155578,0.12164658692257668,1.527641439079651
clean,0.12,16,6,0.07963032673155578,0.12279377218862574,1.5420478256051815
clean,0.12,17,6,0.07963032673155578,0.1238177787269379,1.5549073300219374
clean,0.12,18,6,0.07963032673155578,0.12475113628299207,1.5666284618364614
clean,0.12,19,6,0.07963032673155578,0.12562201828811026,1.5775650238331744
clean,0.12,20,6,0.07963032673155578,0.1264093078762538,1.5874518297833446
clean,0.12,21,6,0.07963032673155578,0.1271580448408926,1.5968544907464586
clean,0.12,22,6,0.07963032673155578,0.12781606556598069,1.6051179344882676
clean,0.12,23,6,0.07963032673155578,0.1284509257118498,1.6130905269907359
clean,0.12,24,6,0.07963032673155578,0.12898952101436417,1.6198542227411006
clean,0.12,25,6,0.07963032673155578,0.12953389382527447,1.6266904726129046
clean,0.12,26,6,0.07963032673155578,0.12997001825537174,1.6321673361145137
clean,0.12,27,6,0.07963032673155578,0.1303796844274607,1.6373119360289408
clean,0.12,28,6,0.07963032673155578,0.13075389578433,1.6420112933244446
clean,0.12,29,6,0.07963032673155578,0.1311119669315137,1.6465079613889975
clean,0.12,30,6,0.07963032673155578,0.1314220012670386,1.6504013817509415
clean,0.12,31,6,0.07963032673155578,0.13170410678897207,1.6539440712451652
clean,0.12,32,6,0.07963032673155578,0.13196742392617342,1.6572508156478225
clean,0.12,33,6,0.07963032673155578,0.13221845489910117,1.660403270035885
clean,0.12,34,6,0.07963032673155578,0.13236367306232819,1.6622269240278695
clean,0.12,35,6,0.07963032673155578,0.1325604554443595,1.6646981230058
clean,0.12,36,6,0.07963032673155578,0.1327701835262941,1.6673318944662845
clean,0.12,37,6,0.07963032673155578,0.13292701567540058,1.6693013972366948
clean,0.12,38,6,0.07963032673155578,0.13305742951026803,1.6709391380349599
clean,0.12,39,6,0.07963032673155578,0.13317818469460355,1.6724555852139673
clean,0.12,40,6,0.07963032673155578,0.133289805352582,1.6738573207406184
clean,0.12,41,6,0.07963032673155578,0.13339641689020634,1.6751961515856022
clean,0.12,42,6,0.07963032673155578,0.133493784501955,1.6764188969358367
clean,0.12,43,6,0.07963032673155578,0.1335756149986505,1.6774465267353647
clean,0.12,44,6,0.07963032673155578,0.1336452730465831,1.6783212945630472
clean,0.12,45,6,0.07963032673155578,0.1337047095484899,1.6790676999131993
clean,0.12,46,6,0.07963032673155578,0.13375975307858212,1.6797589381932805
clean,0.12,47,6,0.07963032673155578,0.13381419029510225,1.6804425623695776
clean,0.12,48,6,0.07963032673155578,0.1338678741562781,1.6811167258871633
clean,0.12,49,6,0.07963032673155578,0.13391948462018477,1.6817648516204742
clean,0.12,50,6,0.07963032673155578,0.133969502133549,1.6823929730337246
clean,0.12,51,6,0.07963032673155578,0.13401402469095108,1.6829520886273623
clean,0.12,52,6,0.07963032673155578,0.13405404369592785,1.6834546484763466
clean,0.12,53,6,0.07963032673155578,0.13408544644921433,1.6838490051815795
clean,0.12,54,6,0.07963032673155578,0.13411191008971834,1.684181336362302
clean,0.12,55,6,0.07963032673155578,0.13413637430853262,1.6844885587462657
clean,0.12,56,6,0.07963032673155578,0.13415549876927896,1.6847287242903657
clean,0.12,57,6,0.07963032673155578,0.1341721444048512,1.6849377606745608
clean,0.12,58,6,0.07963032673155578,0.13418749718152703,1.6851305612984686
clean,0.12,59,6,0.07963032673155578,0.1341977203014622,1.6852589435411993
clean,0.12,60,6,0.07963032673155578,0.13420606482942957,1.6853637343703953
clean,0.12,61,6,0.07963032673155578,0.13421402561315737,1.685463706128073
clean,0.12,62,6,0.07963032673155578,0.13422195731364034,1.6855633126575014
clean,0.12,63,6,0.07963032673155578,0.13422820867182986,1.6856418173986736
clean,0.12,64,6,0.07963032673155578,0.13423273465395,1.6856986548160988
clean,0.12,65,6,0.07963032673155578,0.13423698304755202,1.6857520062686973
clean,0.12,66,6,0.07963032673155578,0.13424029454346986,1.6857935921324474
clean,0.12,67,6,0.07963032673155578,0.1342435203762354,1.6858341022357957
clean,0.12,68,6,0.07963032673155578,0.13424523006402267,1.6858555725456315
clean,0.12,69,6,0.07963032673155578,0.13425004617195418,1.6859160533715831
clean,0.12,70,6,0.07963032673155578,0.1342555631262592,1.6859853354470367
clean,0.12,71,6,0.07963032673155578,0.13425929004890472,1.686032138251929
clean,0.12,72,6,0.07963032673155578,0.13426337009314623,1.6860833755682754
clean,0.12,73,6,0.07963032673155578,0.13426884917957363,1.6861521820978012
clean,0.12,74,6,0.07963032673155578,0.13427259642765602,1.6861992401501311
clean,0.12,75,6,0.07963032673155578,0.134275223822838,1.6862322350565921
clean,0.12,76,6,0.07963032673155578,0.13427911849497695,1.686281144464588
clean,0.12,77,6,0.07963032673155578,0.13428275658686553,1.6863268317302054
clean,0.12,78,6,0.07963032673155578,0.13428483685503817,1.6863529557994894
clean,0.12,79,6,0.07963032673155578,0.1342901996570789,1.6864203020262454
clean,0.12,80,6,0.07963032673155578,0.13429348462638097,1.6864615547679696
clean,0.12,81,6,0.07963032673155578,0.13429395903402472,1.6864675123932014
clean,0.12,82,6,0.07963032673155578,0.1342947855740818,1.6864778921077024
clean,0.12,83,6,0.07963032673155578,0.13429881308679256,1.6865284697315306
clean,0.12,84,6,0.07963032673155578,0.13429806446843998,1.6865190685601013
clean,0.12,85,6,0.07963032673155578,0.1343027037109652,1.6865773283050456
clean,0.12,86,6,0.07963032673155578,0.1343001469007412,1.6865452198065762
clean,0.12,87,6,0.07963032673155578,0.13430149060221366,1.6865620940494381
clean,0.12,88,6,0.07963032673155578,0.13430815353381037,1.6866457673416397
clean,0.12,89,6,0.07963032673155578,0.13431115158046372,1.686683416900249
clean,0.12,90,6,0.07963032673155578,0.13430842622571545,1.686649191814655
clean,0.12,91,6,0.07963032673155578,0.13430961698804728,1.686664145443262
clean,0.12,92,6,0.07963032673155578,0.13431140817155335,1.686686639178747
clean,0.12,93,6,0.07963032673155578,0.13431203098995237,1.6866944605506362
clean,0.12,94,6,0.07963032673155578,0.1343118722837115,1.686692467512966
clean,0.12,95,6,0.07963032673155578,0.13431794354132237,1.6867687105457407
clean,0.12,96,6,0.07963032673155578,0.134317544906361,1.686763704476097
clean,0.12,97,6,0.07963032673155578,0.13432209402277043,1.686820832414612
clean,0.12,98,6,0.07963032673155578,0.13431968343280096,1.6867905601544264
clean,0.12,99,6,0.07963032673155578,0.13431917469215657,1.6867841713743563
clean,0.12,100,6,0.07963032673155578,0.1343190793381201,1.686782973915544
clean,0.12,101,6,0.07963032673155578,0.13432298825561673,1.6868320622171633
clean,0.12,102,6,0.07963032673155578,0.13432065283135503,1.6868027338901608
clean,0.12,103,6,0.07963032673155578,0.13432162296274455,1.6868149168288644
clean,0.12,104,6,0.07963032673155578,0.13432120319816893,1.6868096454128993
clean,0.12,105,6,0.07963032673155578,0.13432164163659502,1.6868151513356313
clean,0.12,106,6,0.07963032673155578,0.1343232328968181,1.686835134428611
clean,0.12,107,6,0.07963032673155578,0.13432303475452195,1.6868326461517913
clean,0.12,108,6,0.07963032673155578,0.13432321380457624,1.6868348946676726
clean,0.12,109,6,0.07963032673155578,0.13432357100035014,1.6868393803427735
clean,0.12,110,6,0.07963032673155578,0.1343234796769748,1.6868382335011232
clean,0.12,111,6,0.07963032673155578,0.13432132372179784,1.6868111589521986
clean,0.12,112,6,0.07963032673155578,0.13432119467146364,1.686809538334282
clean,0.12,113,6,0.07963032673155578,0.13432116574855427,1.6868091751195302
clean,0.12,114,6,0.07963032673155578,0.1343209050730532,1.686805901548872
clean,0.12,115,6,0.07963032673155578,0.13432089352342363,1.6868057565082824
clean,0.12,116,6,0.07963032673155578,0.13432007848055286,1.6867955211757875
clean,0.12,117,6,0.07963032673155578,0.13431986315115116,1.6867928170627875
clean,0.12,118,6,0.07963032673155578,0.13432017740776178,1.686796763506605
clean,0.12,119,6,0.07963032673155578,0.13432019547063104,1.686796990340652
clean,0.12,120,6,0.07963032673155578,0.13431988490928937,1.686793090302131
clean,0.12,121,6,0.07963032673155578,0.13432215049321705,1.686821541572152
clean,0.12,122,6,0.07963032673155578,0.13432089702119834,1.6868058004334405
clean,0.12,123,6,0.07963032673155578,0.1343223043610916,1.6868234738494747
clean,0.12,124,6,0.07963032673155578,0.13432179429697147,1.6868170684491572
clean,0.12,125,6,0.07963032673155578,0.1343223958252595,1.6868246224592025
clean,0.12,126,6,0.07963032673155578,0.13432096062390306,1.686806599158089
clean,0.12,127,6,0.07963032673155578,0.13432217309930466,1.6868218254600693
clean,0.12,128,6,0.07963032673155578,0.13432123836503274,1.686810087039416
clean,0.12,129,6,0.07963032673155578,0.13432250346248345,1.6868259741706466
clean,0.12,130,6,0.07963032673155578,0.1343222336235362,1.6868225855251604
clean,0.12,131,6,0.07963032673155578,0.13432366654619948,1.6868405802103776
clean,0.12,132,6,0.07963032673155578,0.13432160854294653,1.686814735744614
clean,0.12,133,6,0.07963032673155578,0.13432248240274006,1.6868257097017658
clean,0.12,134,6,0.07963032673155578,0.1343217377685563,1.6868163585636464
clean,0.12,135,6,0.07963032673155578,0.13432096324935203,1.6868066321285549
clean,0.12,136,6,0.07963032673155578,0.13432162699328684,1.6868149674445339
clean,0.12,137,6,0.07963032673155578,0.13432126266704172,1.6868103922247641
clean,0.12,138,6,0.07963032673155578,0.1343203479970362,1.6867989057717625
clean,0.12,139,6,0.07963032673155578,0.13432058521950435,1.6868018848185387
clean,0.12,140,6,0.07963032673155578,0.13432025128476838,1.6867976912562406
clean,0.12,141,6,0.07963032673155578,0.1343196906121691,1.6867906503131442
clean,0.12,142,6,0.07963032673155578,0.13432022733677218,1.6867973905165954
clean,0.12,143,6,0.07963032673155578,0.1343200846932337,1.6867955991948174
clean,0.12,144,6,0.07963032673155578,0.13432004055647284,1.686795044924068
clean,0.12,145,6,0.07963032673155578,0.13431993995973887,1.6867937816273053
clean,0.12,146,6,0.07963032673155578,0.13432033686354555,1.6867987659570574
clean,0.12,147,6,0.07963032673155578,0.13432026285443388,1.6867978365484424
clean,0.12,148,6,0.07963032673155578,0.13432028184017195,1.686798074971903
clean,0.12,149,6,0.07963032673155578,0.13432139082096775,1.6868120015855603
clean,0.2,0,6,0.07963032673155578,0.08967774703640012,1.1261758015726284
clean,0.2,1,0,0.07963032673155578,0.0,0.0
clean,0.35,0,6,0.07963032673155578,0.08967774703640012,1.1261758015726284
clean,0.35,1,0,0.07963032673155578,0.0,0.0
dropout 3of6,0.0,0,6,0.07963032673155578,0.08967774703640012,1.1261758015726284
dropout 3of6,0.0,1,6,0.07963032673155578,0.09095805595175013,1.142253958826285
dropout 3of6,0.0,2,6,0.07963032673155578,0.09323572596857477,1.1708570063122379
dropout 3of6,0.0,3,6,0.07963032673155578,0.09556385646056041,1.2000937379387961
dropout 3of6,0.0,4,6,0.07963032673155578,0.09813748507620444,1.2324134422685307
dropout 3of6,0.0,5,6,0.07963032673155578,0.101400466980987,1.2733900656068033
dropout 3of6,0.0,6,6,0.07963032673155578,0.09994635466418285,1.255129280093438
dropout 3of6,0.0,7,6,0.07963032673155578,0.10349669166264852,1.2997145172033435
dropout 3of6,0.0,8,6,0.07963032673155578,0.10668952363670899,1.3398101956353048
dropout 3of6,0.0,9,6,0.07963032673155578,0.10937226542253513,1.373500146385727
dropout 3of6,0.0,10,6,0.07963032673155578,0.11176861912351088,1.4035936270900593
dropout 3of6,0.0,11,6,0.07963032673155578,0.11381274408340102,1.4292638088385425
dropout 3of6,0.0,12,6,0.07963032673155578,0.11564802360693176,1.4523113034157995
dropout 3of6,0.0,13,6,0.07963032673155578,0.11720379263009394,1.471848696856453
dropout 3of6,0.0,14,6,0.07963032673155578,0.11863902253169464,1.4898723564408103
dropout 3of6,0.0,15,6,0.07963032673155578,0.1199286136190033,1.506067079484658
dropout 3of6,0.0,16,6,0.07963032673155578,0.12120719170456014,1.5221235009265428
dropout 3of6,0.0,17,6,0.07963032673155578,0.12238666570851751,1.5369353703784105
dropout 3of6,0.0,18,6,0.07963032673155578,0.12341236040718885,1.5498160747629233
dropout 3of6,0.0,19,6,0.07963032673155578,0.12439542467823883,1.562161424975588
dropout 3of6,0.0,20,6,0.07963032673155578,0.1253287540045045,1.5738822022795924
dropout 3of6,0.0,21,6,0.07963032673155578,0.12614732780677815,1.5841618763167613
dropout 3of6,0.0,22,6,0.07963032673155578,0.12687488863927332,1.5932986067856425
dropout 3of6,0.0,23,6,0.07963032673155578,0.1275915933520381,1.602299005781629
dropout 3of6,0.0,24,6,0.07963032673155578,0.1282062985115708,1.610018491369136
dropout 3of6,0.0,25,6,0.07963032673155578,0.1288040698101083,1.6175253210290552
dropout 3of6,0.0,26,6,0.07963032673155578,0.129315219135857,1.623944349390848
dropout 3of6,0.0,27,6,0.07963032673155578,0.12979385086932177,1.629955020866281
dropout 3of6,0.0,28,6,0.07963032673155578,0.1302327539453084,1.6354667786852113
dropout 3of6,0.0,29,6,0.07963032673155578,0.13062634382624438,1.640409492059512
dropout 3of6,0.0,30,3,0.03296208567631403,0.05347266108934262,1.6222475001867716
dropout 3of6,0.0,31,3,0.03296208567631403,0.05371906315411528,1.6297228179561722
dropout 3of6,0.0,32,3,0.03296208567631403,0.05386241186959169,1.6340717149551087
dropout 3of6,0.0,33,3,0.03296208567631403,0.05401027249640609,1.6385574938061918
dropout 3of6,0.0,34,3,0.03296208567631403,0.05411503031733387,1.6417356246428294
dropout 3of6,0.0,35,3,0.03296208567631403,0.05422083647541899,1.6449455598127132
dropout 3of6,0.0,36,3,0.03296208567631403,0.054324728573376724,1.6480974264445138
dropout 3of6,0.0,37,3,0.03296208567631403,0.054402615642391926,1.6504603554709125
dropout 3of6,0.0,38,3,0.03296208567631403,0.054457558893596165,1.6521272175664663
dropout 3of6,0.0,39,3,0.03296208567631403,0.054496723170630514,1.6533153789412935
dropout 3of6,0.0,40,3,0.03296208567631403,0.05454531793776386,1.6547896414503638
dropout 3of6,0.0,41,3,0.03296208567631403,0.05459206894713639,1.6562079682465387
dropout 3of6,0.0,42,3,0.03296208567631403,0.054639473282644076,1.657646115576571
dropout 3of6,0.0,43,3,0.03296208567631403,0.05467613135661688,1.6587582440484396
dropout 3of6,0.0,44,3,0.03296208567631403,0.054698538670281224,1.6594380345776065
dropout 3of6,0.0,45,3,0.03296208567631403,0.05471616980539213,1.6599729259459515
dropout 3of6,0.0,46,3,0.03296208567631403,0.054733672263853436,1.6605039135367603
dropout 3of6,0.0,47,3,0.03296208567631403,0.05474476613379228,1.6608404780990818
dropout 3of6,0.0,48,3,0.03296208567631403,0.054757559986226986,1.6612286165366896
dropout 3of6,0.0,49,3,0.03296208567631403,0.05476247640802156,1.6613777703809838
dropout 3of6,0.0,50,3,0.03296208567631403,0.05476679843570054,1.661508891564316
dropout 3of6,0.0,51,3,0.03296208567631403,0.054773369172680275,1.6617082338342277
dropout 3of6,0.0,52,3,0.03296208567631403,0.05478133064715871,1.6619497681399331
dropout 3of6,0.0,53,3,0.03296208567631403,0.054784456332166095,1.6620445948155895
dropout 3of6,0.0,54,3,0.03296208567631403,0.05478413799925382,1.6620349372679635
dropout 3of6,0.0,55,3,0.03296208567631403,0.054785616918349454,1.6620798045469989
dropout 3of6,0.0,56,3,0.03296208567631403,0.05478925071943449,1.6621900463903314
dropout 3of6,0.0,57,3,0.03296208567631403,0.054791227250747296,1.6622500101721205
dropout 3of6,0.0,58,3,0.03296208567631403,0.054793144476882986,1.6623081747602024
dropout 3of6,0.0,59,3,0.03296208567631403,0.05479444905837528,1.6623477530048896
dropout 3of6,0.0,60,3,0.03296208567631403,0.05479527908323507,1.6623729342045241
dropout 3of6,0.0,61,3,0.03296208567631403,0.05479667045348703,1.6624151454367146
dropout 3of6,0.0,62,3,0.03296208567631403,0.05479718756112964,1.662430833389464
dropout 3of6,0.0,63,3,0.03296208567631403,0.05479786644791985,1.6624514293795623
dropout 3of6,0.0,64,3,0.03296208567631403,0.05479885947806133,1.6624815558148622
dropout 3of6,0.0,65,3,0.03296208567631403,0.05479890858915682,1.6624830457416822
dropout 3of6,0.0,66,3,0.03296208567631403,0.054799241483633736,1.6624931450563973
dropout 3of6,0.0,67,3,0.03296208567631403,0.054798872030827755,1.66248193663926
dropout 3of6,0.0,68,3,0.03296208567631403,0.05480033854382297,1.6625264275434344
dropout 3of6,0.0,69,3,0.03296208567631403,0.05480107439748111,1.6625487517878819
dropout 3of6,0.0,70,3,0.03296208567631403,0.054801364117486866,1.66255754128041
dropout 3of6,0.0,71,3,0.03296208567631403,0.05480083844432988,1.6625415934680614
dropout 3of6,0.0,72,3,0.03296208567631403,0.05480067429386396,1.6625366134899273
dropout 3of6,0.0,73,3,0.03296208567631403,0.05480097011427608,1.6625455880558884
dropout 3of6,0.0,74,3,0.03296208567631403,0.05480144960596543,1.6625601348201333
dropout 3of6,0.0,75,3,0.03296208567631403,0.05480142296010352,1.6625593264410101
dropout 3of6,0.0,76,3,0.03296208567631403,0.05480185381690951,1.6625723977257043
dropout 3of6,0.0,77,3,0.03296208567631403,0.05480214721991014,1.6625812989525113
dropout 3of6,0.0,78,3,0.03296208567631403,0.05480221620970317,1.6625833919569926
dropout 3of6,0.0,79,3,0.03296208567631403,0.054802617425221356,1.6625955639876742
dropout 3of6,0.0,80,3,0.03296208567631403,0.05480266845565382,1.6625971121431204
dropout 3of6,0.0,81,3,0.03296208567631403,0.05480323652296524,1.6626143461044964
dropout 3of6,0.0,82,3,0.03296208567631403,0.05480287417253822,1.662603353158523
dropout 3of6,0.0,83,3,0.03296208567631403,0.054803346142164186,1.6626176717192658
dropout 3of6,0.0,84,3,0.03296208567631403,0.05480360378302638,1.6626254879983908
dropout 3of6,0.0,85,3,0.03296208567631403,0.05480366317798717,1.6626272899159447
dropout 3of6,0.0,86,3,0.03296208567631403,0.05480366317798717,1.6626272899159447
dropout 3of6,0.0,87,3,0.03296208567631403,0.054803769908430576,1.6626305278919773
dropout 3of6,0.0,88,3,0.03296208567631403,0.054803769908430576,1.6626305278919773
dropout 3of6,0.0,89,3,0.03296208567631403,0.05480278318340769,1.662600592740647
dropout 3of6,0.0,90,3,0.03296208567631403,0.05480309076035906,1.6626099239751564
dropout 3of6,0.0,91,6,0.07963032673155578,0.13430454217675297,1.6866004158128236
dropout 3of6,0.0,92,6,0.07963032673155578,0.13430292000158958,1.6865800444891084
dropout 3of6,0.0,93,6,0.07963032673155578,0.13430568546452704,1.6866147732545294
dropout 3of6,0.0,94,6,0.07963032673155578,0.13430595622219282,1.6866181734373102
dropout 3of6,0.0,95,6,0.07963032673155578,0.1343081186636253,1.6866453294408235
dropout 3of6,0.0,96,6,0.07963032673155578,0.13430978707567334,1.6866662814087046
dropout 3of6,0.0,97,6,0.07963032673155578,0.1343109817770848,1.6866812845043906
dropout 3of6,0.0,98,6,0.07963032673155578,0.13431074474635063,1.686678307865415
dropout 3of6,0.0,99,6,0.07963032673155578,0.13431198066903335,1.6866938286190458
dropout 3of6,0.0,100,6,0.07963032673155578,0.13431307619426008,1.6867075862572685
dropout 3of6,0.0,101,6,0.07963032673155578,0.134314420695544,1.6867244705441866
dropout 3of6,0.0,102,6,0.07963032673155578,0.13431700802525695,1.6867569623073018
dropout 3of6,0.0,103,6,0.07963032673155578,0.13431727406324376,1.6867603032202143
dropout 3of6,0.0,104,6,0.07963032673155578,0.13431697328378198,1.6867565260228308
dropout 3of6,0.0,105,6,0.07963032673155578,0.13431823229027604,1.6867723366636473
dropout 3of6,0.0,106,6,0.07963032673155578,0.13431945227462894,1.6867876572632603
dropout 3of6,0.0,107,6,0.07963032673155578,0.13432116923607573,1.6868092189159278
dropout 3of6,0.0,108,6,0.07963032673155578,0.13432362977132065,1.6868401183903607
dropout 3of6,0.0,109,6,0.07963032673155578,0.1343219600184857,1.686819149584838
dropout 3of6,0.0,110,6,0.07963032673155578,0.13432182936670176,1.6868175088558681
dropout 3of6,0.0,111,6,0.07963032673155578,0.13432122286972892,1.686809892448932
dropout 3of6,0.0,112,6,0.07963032673155578,0.13431984032630223,1.6867925304276592
dropout 3of6,0.0,113,6,0.07963032673155578,0.13432195410211267,1.6868190752868504
dropout 3of6,0.0,114,6,0.07963032673155578,0.13432164712289055,1.686815220232693
dropout 3of6,0.0,115,6,0.07963032673155578,0.1343201586279639,1.6867965276693475
dropout 3of6,0.0,116,6,0.07963032673155578,0.13432003049799476,1.6867949186094027
dropout 3of6,0.0,117,6,0.07963032673155578,0.1343200853932936,1.68679560798619
dropout 3of6,0.0,118,6,0.07963032673155578,0.13432086125201328,1.686805351242956
dropout 3of6,0.0,119,6,0.07963032673155578,0.13432104346162238,1.68680763943662
dropout 3of6,0.0,120,6,0.07963032673155578,0.13432135955942967,1.6868116090022398
dropout 3of6,0.0,121,6,0.07963032673155578,0.13432127199554414,1.6868105093723738
dropout 3of6,0.0,122,6,0.07963032673155578,0.13432096257307058,1.6868066236357924
dropout 3of6,0.0,123,6,0.07963032673155578,0.1343230244404322,1.686832516627147
dropout 3of6,0.0,124,6,0.07963032673155578,0.1343234960648614,1.686838439300688
dropout 3of6,0.0,125,6,0.07963032673155578,0.13432320601747266,1.6868347968769954
dropout 3of6,0.0,126,6,0.07963032673155578,0.13432265833686038,1.686827919087656
dropout 3of6,0.0,127,6,0.07963032673155578,0.13432235802172987,1.6868241477213584
dropout 3of6,0.0,128,6,0.07963032673155578,0.13432228371454671,1.686823214569553
dropout 3of6,0.0,129,6,0.07963032673155578,0.13432214659535707,1.686821492622711
dropout 3of6,0.0,130,6,0.07963032673155578,0.13432220007060103,1.6868221641664074
dropout 3of6,0.0,131,6,0.07963032673155578,0.13432190837331906,1.6868185010233068
dropout 3of6,0.0,132,6,0.07963032673155578,0.13432167906869874,1.6868156214090977
dropout 3of6,0.0,133,6,0.07963032673155578,0.13432144615392375,1.6868126964584595
dropout 3of6,0.0,134,6,0.07963032673155578,0.1343218400634724,1.6868176431862303
dropout 3of6,0.0,135,6,0.07963032673155578,0.1343216183483341,1.6868148588809613
dropout 3of6,0.0,136,6,0.07963032673155578,0.13432142379275813,1.6868124156462798
dropout 3of6,0.0,137,6,0.07963032673155578,0.13432136291721375,1.6868116511693918
dropout 3of6,0.0,138,6,0.07963032673155578,0.1343215686959238,1.686814235344523
dropout 3of6,0.0,139,6,0.07963032673155578,0.13432148248831668,1.6868131527468415
dropout 3of6,0.0,140,6,0.07963032673155578,0.13432111021778817,1.6868084777625258
dropout 3of6,0.0,141,6,0.07963032673155578,0.13432123990452938,1.6868101063724605
dropout 3of6,0.0,142,6,0.07963032673155578,0.1343211292686468,1.6868087170037724
dropout 3of6,0.0,143,6,0.07963032673155578,0.13432140804914067,1.6868122179374658
dropout 3of6,0.0,144,6,0.07963032673155578,0.13432113692091988,1.6868088131012442
dropout 3of6,0.0,145,6,0.07963032673155578,0.13432144582285788,1.6868126923009246
dropout 3of6,0.0,146,6,0.07963032673155578,0.13432119356679792,1.6868095244618573
dropout 3of6,0.0,147,6,0.07963032673155578,0.1343215436082773,1.686813920293116
dropout 3of6,0.0,148,6,0.07963032673155578,0.134321091321186,1.6868082404584366
dropout 3of6,0.0,149,6,0.07963032673155578,0.13432142069651473,1.6868123767635637
dropout 3of6,0.04,0,6,0.07963032673155578,0.08967774703640012,1.1261758015726284
dropout 3of6,0.04,1,6,0.07963032673155578,0.09095829896681533,1.1422570106166665
dropout 3of6,0.04,2,6,0.07963032673155578,0.09325124241536302,1.171051862310262
dropout 3of6,0.04,3,6,0.07963032673155578,0.09556416469140566,1.200097608710874
dropout 3of6,0.04,4,6,0.07963032673155578,0.09813503674257706,1.232382696022372
dropout 3of6,0.04,5,6,0.07963032673155578,0.10139310992235723,1.273297675446776
dropout 3of6,0.04,6,6,0.07963032673155578,0.09990071137818196,1.254556090356885
dropout 3of6,0.04,7,6,0.07963032673155578,0.10347555830240937,1.2994491238399535
dropout 3of6,0.04,8,6,0.07963032673155578,0.10666718888104007,1.3395297151125485
dropout 3of6,0.04,9,6,0.07963032673155578,0.10936037684940915,1.373350849332532
dropout 3of6,0.04,10,6,0.07963032673155578,0.111772499586542,1.4036423580596584
dropout 3of6,0.04,11,6,0.07963032673155578,0.11381849520683474,1.4293360316168453
dropout 3of6,0.04,12,6,0.07963032673155578,0.11564618979809428,1.4522882743901413
dropout 3of6,0.04,13,6,0.07963032673155578,0.11721746906658012,1.4720204459506427
dropout 3of6,0.04,14,6,0.07963032673155578,0.11864909610430231,1.4899988606637757
dropout 3of6,0.04,15,6,0.07963032673155578,0.11993620584780798,1.5061624229187027
dropout 3of6,0.04,16,6,0.07963032673155578,0.12121426760018762,1.5222123602332656
dropout 3of6,0.04,17,6,0.07963032673155578,0.12239713249307738,1.53706681256871
dropout 3of6,0.04,18,6,0.07963032673155578,0.12342384688791509,1.5499603223278613
dropout 3of6,0.04,19,6,0.07963032673155578,0.12440282618395114,1.5622543733033936
dropout 3of6,0.04,20,6,0.07963032673155578,0.12533843134795364,1.5740037306450574
dropout 3of6,0.04,21,6,0.07963032673155578,0.12615842024039375,1.584301175426421
dropout 3of6,0.04,22,6,0.07963032673155578,0.12688122530577203,1.5933781828310865
dropout 3of6,0.04,23,6,0.07963032673155578,0.12759672235889907,1.602363416001598
dropout 3of6,0.04,24,6,0.07963032673155578,0.12821004548432857,1.6100655459639313
dropout 3of6,0.04,25,6,0.07963032673155578,0.12880930351487946,1.6175910460484788
dropout 3of6,0.04,26,6,0.07963032673155578,0.12932083192516297,1.6240148349650803
dropout 3of6,0.04,27,6,0.07963032673155578,0.1297972886343924,1.6299981924217894
dropout 3of6,0.04,28,6,0.07963032673155578,0.13023834042990518,1.6355369339241268
dropout 3of6,0.04,29,6,0.07963032673155578,0.13062969290644208,1.640451549907761
dropout 3of6,0.04,30,3,0.03296208567631403,0.05347407659328276,1.6222904435840444
dropout 3of6,0.04,31,3,0.03296208567631403,0.05372363743944437,1.6298615921033548
dropout 3of6,0.04,32,3,0.03296208567631403,0.053865795152552076,1.6341743566081162
dropout 3of6,0.04,33,3,0.03296208567631403,0.054012048504576325,1.6386113741397266
dropout 3of6,0.04,34,3,0.03296208567631403,0.05411658943662697,1.6417829250263187
dropout 3of6,0.04,35,3,0.03296208567631403,0.05422189071007428,1.6449775430635802
dropout 3of6,0.04,36,3,0.03296208567631403,0.05432584604202439,1.6481313280810377
dropout 3of6,0.04,37,3,0.03296208567631403,0.05440476058851566,1.6505254286020488
dropout 3of6,0.04,38,3,0.03296208567631403,0.05445879851144638,1.652164824951581
dropout 3of6,0.04,39,3,0.03296208567631403,0.054497701798416585,1.653345068439576
dropout 3of6,0.04,40,3,0.03296208567631403,0.054548202305837505,1.6548771470803767
dropout 3of6,0.04,41,3,0.03296208567631403,0.054592943140633836,1.6562344894292707
dropout 3of6,0.04,42,3,0.03296208567631403,0.05464131430419051,1.657701968278506
dropout 3of6,0.04,43,3,0.03296208567631403,0.054676605416183494,1.6587726260135638
dropout 3of6,0.04,44,3,0.03296208567631403,0.05469965651002318,1.6594719474723467
dropout 3of6,0.04,45,3,0.03296208567631403,0.054717163810602085,1.6600030819627676
dropout 3of6,0.04,46,3,0.03296208567631403,0.05473417817258349,1.6605192617381765
dropout 3of6,0.04,47,3,0.03296208567631403,0.054746162457442474,1.6608828396069033
dropout 3of6,0.04,48,3,0.03296208567631403,0.054756275488078085,1.6611896475781864
dropout 3of6,0.04,49,3,0.03296208567631403,0.054764579728242765,1.6614415806702312
dropout 3of6,0.04,50,3,0.03296208567631403,0.054769124076967615,1.661579446604125
dropout 3of6,0.04,51,3,0.03296208567631403,0.05477296953716891,1.6616961097376128
dropout 3of6,0.04,52,3,0.03296208567631403,0.054776805879010876,1.6618124962393541
dropout 3of6,0.04,53,3,0.03296208567631403,0.05478551585004598,1.6620767383483224
dropout 3of6,0.04,54,3,0.03296208567631403,0.05478701491071942,1.662122216680251
dropout 3of6,0.04,55,3,0.03296208567631403,0.054788542908213334,1.6621685728941422
dropout 3of6,0.04,56,3,0.03296208567631403,0.054790296415268884,1.6622217705914228
dropout 3of6,0.04,57,3,0.03296208567631403,0.05479156746201169,1.6622603314627007
dropout 3of6,0.04,58,3,0.03296208567631403,0.054794045737704446,1.6623355171083267
dropout 3of6,0.04,59,3,0.03296208567631403,0.05479645289923594,1.66240854530063
dropout 3of6,0.04,60,3,0.03296208567631403,0.054796517991125206,1.662410520050951
dropout 3of6,0.04,61,3,0.03296208567631403,0.05479724180982324,1.66243247918015
dropout 3of6,0.04,62,3,0.03296208567631403,0.054798791169286896,1.6624794834710457
dropout 3of6,0.04,63,3,0.03296208567631403,0.05480009641601098,1.6625190818974591
dropout 3of6,0.04,64,3,0.03296208567631403,0.0547996389745366,1.6625052040901238
dropout 3of6,0.04,65,3,0.03296208567631403,0.05480106499248682,1.6625484664602366
dropout 3of6,0.04,66,3,0.03296208567631403,0.054801598548054886,1.6625646534082748
dropout 3of6,0.04,67,3,0.03296208567631403,0.05480295040369075,1.6626056658505437
dropout 3of6,0.04,68,3,0.03296208567631403,0.05480221700717607,1.6625834161506345
dropout 3of6,0.04,69,3,0.03296208567631403,0.05480224367557181,1.662584225213386
dropout 3of6,0.04,70,3,0.03296208567631403,0.05480184135241736,1.6625720195793616
dropout 3of6,0.04,71,3,0.03296208567631403,0.05480314143226035,1.662611461253525
dropout 3of6,0.04,72,3,0.03296208567631403,0.05480319814768546,1.6626131818796306
dropout 3of6,0.04,73,3,0.03296208567631403,0.05480412053687301,1.662641165217718
dropout 3of6,0.04,74,3,0.03296208567631403,0.05480430735877452,1.6626468329992823
dropout 3of6,0.04,75,3,0.03296208567631403,0.054803433982351206,1.6626203366048522
dropout 3of6,0.04,76,3,0.03296208567631403,0.054803618084945216,1.6626259218883752
dropout 3of6,0.04,77,3,0.03296208567631403,0.054804251499887914,1.6626451383587442
dropout 3of6,0.04,78,3,0.03296208567631403,0.054803769244497036,1.6626305077496373
dropout 3of6,0.04,79,3,0.03296208567631403,0.05480462423402076,1.662656446324402
dropout 3of6,0.04,80,3,0.03296208567631403,0.05480462423402076,1.662656446324402
dropout 3of6,0.04,81,3,0.03296208567631403,0.05480462423402076,1.662656446324402
dropout 3of6,0.04,82,3,0.03296208567631403,0.05480493293034782,1.6626658115184039
dropout 3of6,0.04,83,3,0.03296208567631403,0.054804929505655846,1.662665707620489
dropout 3of6,0.04,84,3,0.03296208567631403,0.054804929505655846,1.662665707620489
dropout 3of6,0.04,85,3,0.03296208567631403,0.05480500955610145,1.6626681361817879
dropout 3of6,0.04,86,3,0.03296208567631403,0.05480500955610145,1.6626681361817879
dropout 3of6,0.04,87,3,0.03296208567631403,0.05480512942568716,1.662671772771623
dropout 3of6,0.04,88,3,0.03296208567631403,0.0548055651986332,1.662684993201614
dropout 3of6,0.04,89,3,0.03296208567631403,0.05480554292653261,1.6626843175131636
dropout 3of6,0.04,90,3,0.03296208567631403,0.05480580975245831,1.6626924124476987
dropout 3of6,0.04,91,6,0.07963032673155578,0.13430023310120393,1.6865463023145382
dropout 3of6,0.04,92,6,0.07963032673155578,0.1343028524688787,1.6865791964113261
dropout 3of6,0.04,93,6,0.07963032673155578,0.13430467617484868,1.6866020985648755
dropout 3of6,0.04,94,6,0.07963032673155578,0.1343027192324467,1.6865775232242697
dropout 3of6,0.04,95,6,0.07963032673155578,0.13430586170468373,1.6866169864836336
dropout 3of6,0.04,96,6,0.07963032673155578,0.13431002105856926,1.686669219772837
dropout 3of6,0.04,97,6,0.07963032673155578,0.13430972301959898,1.6866654769906269
dropout 3of6,0.04,98,6,0.07963032673155578,0.13431059070952764,1.6866763734664327
dropout 3of6,0.04,99,6,0.07963032673155578,0.1343118931000178,1.6866927289247564
dropout 3of6,0.04,100,6,0.07963032673155578,0.13431759629072026,1.6867643497624016
dropout 3of6,0.04,101,6,0.07963032673155578,0.13431894218635917,1.686781251559671
dropout 3of6,0.04,102,6,0.07963032673155578,0.1343197283782962,1.6867911245812859
dropout 3of6,0.04,103,6,0.07963032673155578,0.13431781275306162,1.6867670681028912
dropout 3of6,0.04,104,6,0.07963032673155578,0.13431791298602255,1.6867683268313813
dropout 3of6,0.04,105,6,0.07963032673155578,0.13431864847214453,1.68677756308787
dropout 3of6,0.04,106,6,0.07963032673155578,0.1343201572102301,1.6867965098654045
dropout 3of6,0.04,107,6,0.07963032673155578,0.13431968659750604,1.6867905998968864
dropout 3of6,0.04,108,6,0.07963032673155578,0.13432196831654328,1.6868192537920905
dropout 3of6,0.04,109,6,0.07963032673155578,0.13432407461468393,1.6868457047464833
dropout 3of6,0.04,110,6,0.07963032673155578,0.13432148141968117,1.686813139326885
dropout 3of6,0.04,111,6,0.07963032673155578,0.13432071365636664,1.6868034977324569
dropout 3of6,0.04,112,6,0.07963032673155578,0.13432337607695027,1.6868369324889487
dropout 3of6,0.04,113,6,0.07963032673155578,0.13432298168755305,1.6868319797352251
dropout 3of6,0.04,114,6,0.07963032673155578,0.13432308264387316,1.6868332475476813
dropout 3of6,0.04,115,6,0.07963032673155578,0.13432321100132466,1.6868348594643563
dropout 3of6,0.04,116,6,0.07963032673155578,0.13432147259322602,1.686813028484
dropout 3of6,0.04,117,6,0.07963032673155578,0.13432209963101827,1.6868209028431542
dropout 3of6,0.04,118,6,0.07963032673155578,0.13432201312294378,1.6868198164721944
dropout 3of6,0.04,119,6,0.07963032673155578,0.13432131201003758,1.6868110118755666
dropout 3of6,0.04,120,6,0.07963032673155578,0.13432186483063027,1.686817954212932
dropout 3of6,0.04,121,6,0.07963032673155578,0.13432052106763664,1.6868010791974852
dropout 3of6,0.04,122,6,0.07963032673155578,0.13432054155673445,1.686801336500182
dropout 3of6,0.04,123,6,0.07963032673155578,0.1343202510501173,1.6867976883094853
dropout 3of6,0.04,124,6,0.07963032673155578,0.13431987038593124,1.6867929079173698
dropout 3of6,0.04,125,6,0.07963032673155578,0.1343214907794965,1.6868132568677232
dropout 3of6,0.04,126,6,0.07963032673155578,0.13431921930066942,1.6867847315693811
dropout 3of6,0.04,127,6,0.07963032673155578,0.13432001871449445,1.686794770631857
dropout 3of6,0.04,128,6,0.07963032673155578,0.1343227272252686,1.6868287841903256
dropout 3of6,0.04,129,6,0.07963032673155578,0.1343204769967693,1.6868005257542287
dropout 3of6,0.04,130,6,0.07963032673155578,0.1343231594934466,1.686834212626899
dropout 3of6,0.04,131,6,0.07963032673155578,0.1343205334531541,1.68680123473518
dropout 3of6,0.04,132,6,0.07963032673155578,0.1343228587377768,1.686830435728296
dropout 3of6,0.04,133,6,0.07963032673155578,0.13432251956511201,1.6868261763879326
dropout 3of6,0.04,134,6,0.07963032673155578,0.13432262957853786,1.6868275579397907
dropout 3of6,0.04,135,6,0.07963032673155578,0.13432073021613225,1.6868037056904834
dropout 3of6,0.04,136,6,0.07963032673155578,0.13432074629094498,1.6868039075584575
dropout 3of6,0.04,137,6,0.07963032673155578,0.13432070867917095,1.686803435228686
dropout 3of6,0.04,138,6,0.07963032673155578,0.13432024288978997,1.6867975858318531
dropout 3of6,0.04,139,6,0.07963032673155578,0.13432086951302993,1.6868054549850475
dropout 3of6,0.04,140,6,0.07963032673155578,0.13432003548317853,1.686794981213488
dropout 3of6,0.04,141,6,0.07963032673155578,0.13432086979024574,1.686805458466332
dropout 3of6,0.04,142,6,0.07963032673155578,0.13432042659359342,1.6867998927896541
dropout 3of6,0.04,143,6,0.07963032673155578,0.1343229050448727,1.686831017254177
dropout 3of6,0.04,144,6,0.07963032673155578,0.1343203878423053,1.686799406149831
dropout 3of6,0.04,145,6,0.07963032673155578,0.13432042402934044,1.6867998605876895
dropout 3of6,0.04,146,6,0.07963032673155578,0.13432004055647284,1.686795044924068
dropout 3of6,0.04,147,6,0.07963032673155578,0.1343200122344124,1.6867946892547947
dropout 3of6,0.04,148,6,0.07963032673155578,0.1343199138084641,1.6867934532188227
dropout 3of6,0.04,149,6,0.07963032673155578,0.1343206951397516,1.686803265200257
dropout 3of6,0.08,0,6,0.07963032673155578,0.08967774703640012,1.1261758015726284
dropout 3of6,0.08,1,6,0.07963032673155578,0.09104250463543702,1.1433144678955443
dropout 3of6,0.08,2,6,0.07963032673155578,0.09327565924097521,1.171358489528991
dropout 3of6,0.08,3,6,0.07963032673155578,0.09555575487020453,1.1999919979273155
dropout 3of6,0.08,4,6,0.07963032673155578,0.09813177833956123,1.2323417769008567
dropout 3of6,0.08,5,6,0.07963032673155578,0.10137965682609945,1.2731287310657848
dropout 3of6,0.08,6,6,0.07963032673155578,0.09989976742437624,1.2545442361570536
dropout 3of6,0.08,7,6,0.07963032673155578,0.1034245743166269,1.2988088654374688
dropout 3of6,0.08,8,6,0.07963032673155578,0.1065895179641127,1.3385543214388644
dropout 3of6,0.08,9,6,0.07963032673155578,0.10934042166412665,1.3731002515251192
dropout 3of6,0.08,10,6,0.07963032673155578,0.11177360453783612,1.4036562340707144
dropout 3of6,0.08,11,6,0.07963032673155578,0.11383146279932796,1.4294988790271912
dropout 3of6,0.08,12,6,0.07963032673155578,0.1156616235168026,1.4524820914864889
dropout 3of6,0.08,13,6,0.07963032673155578,0.11723819761794611,1.4722807557122224
dropout 3of6,0.08,14,6,0.07963032673155578,0.11866439670532691,1.490191006064311
dropout 3of6,0.08,15,6,0.07963032673155578,0.11993969978204069,1.5062062998482109
dropout 3of6,0.08,16,6,0.07963032673155578,0.12122353135494938,1.5223286947397532
dropout 3of6,0.08,17,6,0.07963032673155578,0.12240242326600763,1.5371332542517648
dropout 3of6,0.08,18,6,0.07963032673155578,0.12343981890657921,1.5501608994109863
dropout 3of6,0.08,19,6,0.07963032673155578,0.12441525991069652,1.5624105164118767
dropout 3of6,0.08,20,6,0.07963032673155578,0.12534904936707747,1.5741370720434875
dropout 3of6,0.08,21,6,0.07963032673155578,0.1261686581826204,1.5844297438079267
dropout 3of6,0.08,22,6,0.07963032673155578,0.12688786038226804,1.593461506318109
dropout 3of6,0.08,23,6,0.07963032673155578,0.12760147715870368,1.6024231269182772
dropout 3of6,0.08,24,6,0.07963032673155578,0.12821416443740843,1.6101172718986212
dropout 3of6,0.08,25,6,0.07963032673155578,0.1288167237032418,1.6176842289935565
dropout 3of6,0.08,26,6,0.07963032673155578,0.12932705191620056,1.62409294579663
dropout 3of6,0.08,27,6,0.07963032673155578,0.12980132268497224,1.6300488521483711
dropout 3of6,0.08,28,6,0.07963032673155578,0.13024247546320283,1.635588861794668
dropout 3of6,0.08,29,6,0.07963032673155578,0.13063362813234594,1.6405009685911367
dropout 3of6,0.08,30,3,0.03296208567631403,0.05347709239815759,1.6223819367287575
dropout 3of6,0.08,31,3,0.03296208567631403,0.05372680550472885,1.6299577045070295
dropout 3of6,0.08,32,3,0.03296208567631403,0.05386882357628591,1.634266232582336
dropout 3of6,0.08,33,3,0.03296208567631403,0.054015404488602724,1.6387131876007845
dropout 3of6,0.08,34,3,0.03296208567631403,0.05411850176400754,1.641840940996526
dropout 3of6,0.08,35,3,0.03296208567631403,0.05422396469642128,1.645040463425094
dropout 3of6,0.08,36,3,0.03296208567631403,0.054329356048138634,1.6482378142466498
dropout 3of6,0.08,37,3,0.03296208567631403,0.054406723307863926,1.6505849733580311
dropout 3of6,0.08,38,3,0.03296208567631403,0.05445937293235173,1.6521822516675657
dropout 3of6,0.08,39,3,0.03296208567631403,0.05449793921061792,1.6533522710238926
dropout 3of6,0.08,40,3,0.03296208567631403,0.05454952304119091,1.6549172153990617
dropout 3of6,0.08,41,3,0.03296208567631403,0.05459361061610225,1.6562547392239884
dropout 3of6,0.08,42,3,0.03296208567631403,0.05464260703016496,1.6577411868518432
dropout 3of6,0.08,43,3,0.03296208567631403,0.05467782764912912,1.6588097059774236
dropout 3of6,0.08,44,3,0.03296208567631403,0.05470055389015041,1.6594991720884114
dropout 3of6,0.08,45,3,0.03296208567631403,0.054720020098328166,1.6600897356943953
dropout 3of6,0.08,46,3,0.03296208567631403,0.054734760421896574,1.6605369259515033
dropout 3of6,0.08,47,3,0.03296208567631403,0.054746860661097047,1.6609040216298319
dropout 3of6,0.08,48,3,0.03296208567631403,0.054757424677246445,1.6612245115482533
dropout 3of6,0.08,49,3,0.03296208567631403,0.05476643261418326,1.6614977933128015
dropout 3of6,0.08,50,3,0.03296208567631403,0.05477013315601876,1.661610059929418
dropout 3of6,0.08,51,3,0.03296208567631403,0.054774668696664995,1.661747658644826
dropout 3of6,0.08,52,3,0.03296208567631403,0.05477642562521578,1.6618009601430395
dropout 3of6,0.08,53,3,0.03296208567631403,0.05478606066267202,1.6620932668117028
dropout 3of6,0.08,54,3,0.03296208567631403,0.05478731533179742,1.6621313308206893
dropout 3of6,0.08,55,3,0.03296208567631403,0.05479108305416828,1.662245635552734
dropout 3of6,0.08,56,3,0.03296208567631403,0.054791627259064696,1.6622621455788822
dropout 3of6,0.08,57,3,0.03296208567631403,0.05479311297489667,1.6623072190565304
dropout 3of6,0.08,58,3,0.03296208567631403,0.054796906304209005,1.6624223006490482
dropout 3of6,0.08,59,3,0.03296208567631403,0.054796194263325236,1.6624006988338367
dropout 3of6,0.08,60,3,0.03296208567631403,0.0547977676114929,1.6624484308913017
dropout 3of6,0.08,61,3,0.03296208567631403,0.054797707655799624,1.6624466119623094
dropout 3of6,0.08,62,3,0.03296208567631403,0.05480020302994394,1.662522316338811
dropout 3of6,0.08,63,3,0.03296208567631403,0.054801137317564884,1.6625506606502152
dropout 3of6,0.08,64,3,0.03296208567631403,0.05480057055998673,1.6625334664233777
dropout 3of6,0.08,65,3,0.03296208567631403,0.05480141677239224,1.6625591387189302
dropout 3of6,0.08,66,3,0.03296208567631403,0.05480365365298555,1.6626270009475306
dropout 3of6,0.08,67,3,0.03296208567631403,0.05480324945566519,1.6626147384552743
dropout 3of6,0.08,68,3,0.03296208567631403,0.05480216398869391,1.662581807681963
dropout 3of6,0.08,69,3,0.03296208567631403,0.05480364655286433,1.662626785544862
dropout 3of6,0.08,70,3,0.03296208567631403,0.0548035780220442,1.6626247064646482
dropout 3of6,0.08,71,3,0.03296208567631403,0.0548049036497465,1.6626649232068569
dropout 3of6,0.08,72,3,0.03296208567631403,0.05480577948654579,1.6626914942438928
dropout 3of6,0.08,73,3,0.03296208567631403,0.05480664239767663,1.662717673143472
dropout 3of6,0.08,74,3,0.03296208567631403,0.0548071688415643,1.6627336443381604
dropout 3of6,0.08,75,3,0.03296208567631403,0.054806527495336856,1.6627141872493785
dropout 3of6,0.08,76,3,0.03296208567631403,0.05480540530929506,1.662680142497089
dropout 3of6,0.08,77,3,0.03296208567631403,0.054810777095966136,1.6628431111491282
dropout 3of6,0.08,78,3,0.03296208567631403,0.05480496147782498,1.6626666775885137
dropout 3of6,0.08,79,3,0.03296208567631403,0.054803833739394445,1.662632464388487
dropout 3of6,0.08,80,3,0.03296208567631403,0.054803833739394445,1.662632464388487
dropout 3of6,0.08,81,3,0.03296208567631403,0.05480376690729299,1.662630436843807
dropout 3of6,0.08,82,3,0.03296208567631403,0.05480488343733128,1.6626643100049068
dropout 3of6,0.08,83,3,0.03296208567631403,0.05480328464764905,1.6626158061056715
dropout 3of6,0.08,84,3,0.03296208567631403,0.054805477426034,1.6626823303664988
dropout 3of6,0.08,85,3,0.03296208567631403,0.05480440765453244,1.6626498757605597
dropout 3of6,0.08,86,3,0.03296208567631403,0.054806955730711204,1.6627271790053781
dropout 3of6,0.08,87,3,0.03296208567631403,0.054805163220093794,1.6626727980224811
dropout 3of6,0.08,88,3,0.03296208567631403,0.054805163220093794,1.6626727980224811
dropout 3of6,0.08,89,3,0.03296208567631403,0.054805163220093794,1.6626727980224811
dropout 3of6,0.08,90,3,0.03296208567631403,0.054805419279900604,1.6626805663357282
dropout 3of6,0.08,91,6,0.07963032673155578,0.13429733246155612,1.6865098759959878
dropout 3of6,0.08,92,6,0.07963032673155578,0.1342966986526028,1.6865019166043924
dropout 3of6,0.08,93,6,0.07963032673155578,0.1343013107919255,1.6865598359865175
dropout 3of6,0.08,94,6,0.07963032673155578,0.1343019842533374,1.6865682933348611
dropout 3of6,0.08,95,6,0.07963032673155578,0.13430292677113048,1.6865801295012035
dropout 3of6,0.08,96,6,0.07963032673155578,0.13430699472681876,1.6866312150091405
dropout 3of6,0.08,97,6,0.07963032673155578,0.1343084921753919,1.6866500200126435
dropout 3of6,0.08,98,6,0.07963032673155578,0.13431164622442754,1.686689628653787
dropout 3of6,0.08,99,6,0.07963032673155578,0.1343124138285719,1.6866992682493513
dropout 3of6,0.08,100,6,0.07963032673155578,0.13431341592585125,1.6867118526166458
dropout 3of6,0.08,101,6,0.07963032673155578,0.13431646343327397,1.6867501233050606
dropout 3of6,0.08,102,6,0.07963032673155578,0.1343156293673472,1.6867396490804656
dropout 3of6,0.08,103,6,0.07963032673155578,0.1343184697104823,1.686775318193625
dropout 3of6,0.08,104,6,0.07963032673155578,0.13431663561716145,1.686752285595416
dropout 3of6,0.08,105,6,0.07963032673155578,0.13431735771375206,1.6867613537057735
dropout 3of6,0.08,106,6,0.07963032673155578,0.1343197869568566,1.686791860212581
dropout 3of6,0.08,107,6,0.07963032673155578,0.13431987300789733,1.6867929408440976
dropout 3of6,0.08,108,6,0.07963032673155578,0.13432225479284254,1.686822851369936
dropout 3of6,0.08,109,6,0.07963032673155578,0.13432337073613343,1.6868368654188126
dropout 3of6,0.08,110,6,0.07963032673155578,0.13432013856050257,1.686796275661574
dropout 3of6,0.08,111,6,0.07963032673155578,0.13432063140702977,1.68680246484285
dropout 3of6,0.08,112,6,0.07963032673155578,0.13432344988280034,1.6868378593449984
dropout 3of6,0.08,113,6,0.07963032673155578,0.13432317700029492,1.6868344324784184
dropout 3of6,0.08,114,6,0.07963032673155578,0.13432308189468709,1.6868332381393802
dropout 3of6,0.08,115,6,0.07963032673155578,0.13432075601367333,1.686804029656768
dropout 3of6,0.08,116,6,0.07963032673155578,0.13432158499635602,1.6868144400458334
dropout 3of6,0.08,117,6,0.07963032673155578,0.13432193198885856,1.6868187975879507
dropout 3of6,0.08,118,6,0.07963032673155578,0.1343211555846744,1.6868090474812258
dropout 3of6,0.08,119,6,0.07963032673155578,0.13432026103458808,1.686797813694765
dropout 3of6,0.08,120,6,0.07963032673155578,0.13432065310497995,1.6868027373263506
dropout 3of6,0.08,121,6,0.07963032673155578,0.13432054155673445,1.686801336500182
dropout 3of6,0.08,122,6,0.07963032673155578,0.1343201336182765,1.6867962135969528
dropout 3of6,0.08,123,6,0.07963032673155578,0.13431991862579276,1.6867935137149788
dropout 3of6,0.08,124,6,0.07963032673155578,0.13432182448864885,1.6868174475971354
dropout 3of6,0.08,125,6,0.07963032673155578,0.13431936523972765,1.686786564276394
dropout 3of6,0.08,126,6,0.07963032673155578,0.1343214033744852,1.686812159233004
dropout 3of6,0.08,127,6,0.07963032673155578,0.1343219765849957,1.6868193576275607
dropout 3of6,0.08,128,6,0.07963032673155578,0.13432054982108674,1.6868014402841627
dropout 3of6,0.08,129,6,0.07963032673155578,0.13432300183219084,1.6868322327121827
dropout 3of6,0.08,130,6,0.07963032673155578,0.13432016681064757,1.686796630427731
dropout 3of6,0.08,131,6,0.07963032673155578,0.1343232925733745,1.6868358838485724
dropout 3of6,0.08,132,6,0.07963032673155578,0.13432255007956384,1.686826559589322
dropout 3of6,0.08,133,6,0.07963032673155578,0.13432301347240982,1.6868323788903974
dropout 3of6,0.08,134,6,0.07963032673155578,0.13432062959786195,1.686802442123267
dropout 3of6,0.08,135,6,0.07963032673155578,0.13432057565475702,1.6868017647041587
dropout 3of6,0.08,136,6,0.07963032673155578,0.1343205964592251,1.6868020259672845
dropout 3of6,0.08,137,6,0.07963032673155578,0.13432101645904776,1.6868073003374888
dropout 3of6,0.08,138,6,0.07963032673155578,0.13432033100001187,1.6867986923226277
dropout 3of6,0.08,139,6,0.07963032673155578,0.1343196462428939,1.6867900931224726
dropout 3of6,0.08,140,6,0.07963032673155578,0.1343212765937746,1.6868105671170879
dropout 3of6,0.08,141,6,0.07963032673155578,0.13432045010824167,1.686800188087303
dropout 3of6,0.08,142,6,0.07963032673155578,0.13432020358478095,1.6867970922383866
dropout 3of6,0.08,143,6,0.07963032673155578,0.13432004055647284,1.686795044924068
dropout 3of6,0.08,144,6,0.07963032673155578,0.13432004055647284,1.686795044924068
dropout 3of6,0.08,145,6,0.07963032673155578,0.1343199138084641,1.6867934532188227
dropout 3of6,0.08,146,6,0.07963032673155578,0.13432026285443388,1.6867978365484424
dropout 3of6,0.08,147,6,0.07963032673155578,0.13432073275974474,1.6868037376332443
dropout 3of6,0.08,148,6,0.07963032673155578,0.13432149632775686,1.6868133265429408
dropout 3of6,0.08,149,6,0.07963032673155578,0.13432183595627775,1.6868175916079584
dropout 3of6,0.12,0,6,0.07963032673155578,0.08967774703640012,1.1261758015726284
dropout 3of6,0.12,1,3,0.03296208567631403,0.05209794504466044,1.5805415214394976
dropout 3of6,0.12,2,6,0.07963032673155578,0.09708390362101053,1.2191825351702128
dropout 3of6,0.12,3,6,0.07963032673155578,0.09956822102304798,1.2503806666360349
dropout 3of6,0.12,4,6,0.07963032673155578,0.10186725489135642,1.2792520020012506
dropout 3of6,0.12,5,6,0.07963032673155578,0.10418145045629432,1.308313738401496
dropout 3of6,0.12,6,6,0.07963032673155578,0.10690314231934339,1.3424928253745314
dropout 3of6,0.12,7,6,0.07963032673155578,0.1068225175931549,1.341480337676719
dropout 3of6,0.12,8,6,0.07963032673155578,0.10967724252903657,1.3773300579159102
dropout 3of6,0.12,9,6,0.07963032673155578,0.11210379620915074,1.4078027908521245
dropout 3of6,0.12,10,6,0.07963032673155578,0.11421973466525799,1.434374808611644
dropout 3of6,0.12,11,6,0.07963032673155578,0.11603770916558027,1.4572049861952536
dropout 3of6,0.12,12,6,0.07963032673155578,0.11772061910172602,1.478339018984282
dropout 3of6,0.12,13,6,0.07963032673155578,0.11918381794066084,1.4967139133115082
dropout 3of6,0.12,14,6,0.07963032673155578,0.12046107942314566,1.5127538008130454
dropout 3of6,0.12,15,6,0.07963032673155578,0.12164658692257668,1.527641439079651
dropout 3of6,0.12,16,6,0.07963032673155578,0.12279377218862574,1.5420478256051815
dropout 3of6,0.12,17,6,0.07963032673155578,0.1238177787269379,1.5549073300219374
dropout 3of6,0.12,18,6,0.07963032673155578,0.12475113628299207,1.5666284618364614
dropout 3of6,0.12,19,6,0.07963032673155578,0.12562201828811026,1.5775650238331744
dropout 3of6,0.12,20,6,0.07963032673155578,0.1264093078762538,1.5874518297833446
dropout 3of6,0.12,21,6,0.07963032673155578,0.1271580448408926,1.5968544907464586
dropout 3of6,0.12,22,6,0.07963032673155578,0.12781606556598069,1.6051179344882676
dropout 3of6,0.12,23,6,0.07963032673155578,0.1284509257118498,1.6130905269907359
dropout 3of6,0.12,24,6,0.07963032673155578,0.12898952101436417,1.6198542227411006
dropout 3of6,0.12,25,6,0.07963032673155578,0.12953389382527447,1.6266904726129046
dropout 3of6,0.12,26,6,0.07963032673155578,0.12997001825537174,1.6321673361145137
dropout 3of6,0.12,27,6,0.07963032673155578,0.1303796844274607,1.6373119360289408
dropout 3of6,0.12,28,6,0.07963032673155578,0.13075389578433,1.6420112933244446
dropout 3of6,0.12,29,6,0.07963032673155578,0.1311119669315137,1.6465079613889975
dropout 3of6,0.12,30,3,0.03296208567631403,0.05363892502619684,1.627291596561222
dropout 3of6,0.12,31,3,0.03296208567631403,0.05381794522096659,1.6327226908350407
dropout 3of6,0.12,32,3,0.03296208567631403,0.05398985290011712,1.637938006420306
dropout 3of6,0.12,33,3,0.03296208567631403,0.054109921058590645,1.6415806205331562
dropout 3of6,0.12,34,3,0.03296208567631403,0.05421526462666961,1.6447765217001344
dropout 3of6,0.12,35,3,0.03296208567631403,0.054306235122069745,1.647536374225653
dropout 3of6,0.12,36,3,0.03296208567631403,0.05439978717540708,1.6503745457617631
dropout 3of6,0.12,37,3,0.03296208567631403,0.054461404451169884,1.6522438836540276
dropout 3of6,0.12,38,3,0.03296208567631403,0.054504689226084306,1.6535570522241076
dropout 3of6,0.12,39,3,0.03296208567631403,0.05453877128471634,1.654591029836044
dropout 3of6,0.12,40,3,0.03296208567631403,0.054584601973476234,1.6559814360503213
dropout 3of6,0.12,41,3,0.03296208567631403,0.05463624963371316,1.6575483168825633
dropout 3of6,0.12,42,3,0.03296208567631403,0.05468208698047524,1.6589389250865525
dropout 3of6,0.12,43,3,0.03296208567631403,0.05471175059710293,1.6598388565083377
dropout 3of6,0.12,44,3,0.03296208567631403,0.0547350004676293,1.6605442084315953
dropout 3of6,0.12,45,3,0.03296208567631403,0.05474990029794303,1.6609962377861707
dropout 3of6,0.12,46,3,0.03296208567631403,0.054762841707367234,1.6613888527909155
dropout 3of6,0.12,47,3,0.03296208567631403,0.05476899140221712,1.6615754215326595
dropout 3of6,0.12,48,3,0.03296208567631403,0.05477487659969408,1.6617539659832368
dropout 3of6,0.12,49,3,0.03296208567631403,0.05477646529746835,1.6618021637153182
dropout 3of6,0.12,50,3,0.03296208567631403,0.05477810319038594,1.661851853924053
dropout 3of6,0.12,51,3,0.03296208567631403,0.05478212109896577,1.6619737487768025
dropout 3of6,0.12,52,3,0.03296208567631403,0.05478676845586176,1.6621147397608569
dropout 3of6,0.12,53,3,0.03296208567631403,0.05479146984563227,1.6622573699881027
dropout 3of6,0.12,54,3,0.03296208567631403,0.054791342881447075,1.6622535181631168
dropout 3of6,0.12,55,3,0.03296208567631403,0.05479447892950613,1.6623486592318544
dropout 3of6,0.12,56,3,0.03296208567631403,0.05479654263309431,1.6624112676362024
dropout 3of6,0.12,57,3,0.03296208567631403,0.05479487411029172,1.6623606481815059
dropout 3of6,0.12,58,3,0.03296208567631403,0.05479657164239836,1.6624121477171636
dropout 3of6,0.12,59,3,0.03296208567631403,0.05480097674525456,1.662545789225758
dropout 3of6,0.12,60,3,0.03296208567631403,0.05480001076746161,1.6625164835015258
dropout 3of6,0.12,61,3,0.03296208567631403,0.054800872580358415,1.6625426290830059
dropout 3of6,0.12,62,3,0.03296208567631403,0.054802030889731713,1.662577769740811
dropout 3of6,0.12,63,3,0.03296208567631403,0.0548004846311009,1.662530859522629
dropout 3of6,0.12,64,3,0.03296208567631403,0.05480216794765821,1.6625819277885707
dropout 3of6,0.12,65,3,0.03296208567631403,0.054803535967788496,1.66262343062743
dropout 3of6,0.12,66,3,0.03296208567631403,0.054804468503845544,1.6626517218000882
dropout 3of6,0.12,67,3,0.03296208567631403,0.054805556187326,1.6626847198176027
dropout 3of6,0.12,68,3,0.03296208567631403,0.054807140907416764,1.6627327968751748
dropout 3of6,0.12,69,3,0.03296208567631403,0.05480556064320017,1.6626848549994055
dropout 3of6,0.12,70,3,0.03296208567631403,0.054805840748959375,1.6626933528160168
dropout 3of6,0.12,71,3,0.03296208567631403,0.05480513600731041,1.662671972444159
dropout 3of6,0.12,72,3,0.03296208567631403,0.05480582510039995,1.6626928780718038
dropout 3of6,0.12,73,3,0.03296208567631403,0.05480777678325298,1.662752088003851
dropout 3of6,0.12,74,3,0.03296208567631403,0.05480789686447798,1.6627557310143746
dropout 3of6,0.12,75,3,0.03296208567631403,0.05480779449318645,1.662752625285795
dropout 3of6,0.12,76,3,0.03296208567631403,0.05480810420084026,1.6627620211613123
dropout 3of6,0.12,77,3,0.03296208567631403,0.054808662319189246,1.6627789532921997
dropout 3of6,0.12,78,3,0.03296208567631403,0.05480936331400336,1.6628002199930085
dropout 3of6,0.12,79,3,0.03296208567631403,0.054809643315719477,1.6628087146531725
dropout 3of6,0.12,80,3,0.03296208567631403,0.05480990997988684,1.662816804680302
dropout 3of6,0.12,81,3,0.03296208567631403,0.05480976332162475,1.662812355378655
dropout 3of6,0.12,82,3,0.03296208567631403,0.054809595250387616,1.6628072564526104
dropout 3of6,0.12,83,3,0.03296208567631403,0.05480969662902984,1.6628103320663086
dropout 3of6,0.12,84,3,0.03296208567631403,0.05480945992056725,1.6628031508319379
dropout 3of6,0.12,85,3,0.03296208567631403,0.054809736025689275,1.6628115272776742
dropout 3of6,0.12,86,3,0.03296208567631403,0.054809727363684155,1.6628112644907496
dropout 3of6,0.12,87,3,0.03296208567631403,0.054809828735322294,1.6628143398919586
dropout 3of6,0.12,88,3,0.03296208567631403,0.054810066803862606,1.6628215623882123
dropout 3of6,0.12,89,3,0.03296208567631403,0.05481014680542592,1.6628239894665258
dropout 3of6,0.12,90,3,0.03296208567631403,0.05481014680542592,1.6628239894665258
dropout 3of6,0.12,91,6,0.07963032673155578,0.13430192686677525,1.6865675726727152
dropout 3of6,0.12,92,6,0.07963032673155578,0.134304217750357,1.6865963416565406
dropout 3of6,0.12,93,6,0.07963032673155578,0.1343015090073661,1.686562325181887
dropout 3of6,0.12,94,6,0.07963032673155578,0.1343037371446884,1.6865903061963294
dropout 3of6,0.12,95,6,0.07963032673155578,0.13430844456782653,1.6866494221554287
dropout 3of6,0.12,96,6,0.07963032673155578,0.13431366392145222,1.6867149669527428
dropout 3of6,0.12,97,6,0.07963032673155578,0.1343122313804324,1.6866969770602156
dropout 3of6,0.12,98,6,0.07963032673155578,0.13431357842208164,1.6867138932491166
dropout 3of6,0.12,99,6,0.07963032673155578,0.13431242555955003,1.686699415567322
dropout 3of6,0.12,100,6,0.07963032673155578,0.1343149356805436,1.686730937741054
dropout 3of6,0.12,101,6,0.07963032673155578,0.13431610539077918,1.6867456269968137
dropout 3of6,0.12,102,6,0.07963032673155578,0.13431616578164843,1.6867463853871372
dropout 3of6,0.12,103,6,0.07963032673155578,0.1343171240169728,1.6867584189347025
dropout 3of6,0.12,104,6,0.07963032673155578,0.13431695124536652,1.6867562492637571
dropout 3of6,0.12,105,6,0.07963032673155578,0.13431833220740236,1.686773591425877
dropout 3of6,0.12,106,6,0.07963032673155578,0.13431978520677987,1.6867918382350657
dropout 3of6,0.12,107,6,0.07963032673155578,0.1343203452104584,1.686798870777836
dropout 3of6,0.12,108,6,0.07963032673155578,0.13432059287127834,1.686801980909743
dropout 3of6,0.12,109,6,0.07963032673155578,0.13432129679195032,1.6868108207663763
dropout 3of6,0.12,110,6,0.07963032673155578,0.1343218803736897,1.6868181494031325
dropout 3of6,0.12,111,6,0.07963032673155578,0.1343218931544962,1.6868183099048786
dropout 3of6,0.12,112,6,0.07963032673155578,0.13432219714131421,1.6868221273803368
dropout 3of6,0.12,113,6,0.07963032673155578,0.13432197137421067,1.6868192921903682
dropout 3of6,0.12,114,6,0.07963032673155578,0.1343226769365591,1.6868281526632232
dropout 3of6,0.12,115,6,0.07963032673155578,0.1343211657466542,1.686809175095669
dropout 3of6,0.12,116,6,0.07963032673155578,0.1343233369089312,1.6868364406158058
dropout 3of6,0.12,117,6,0.07963032673155578,0.13432073548696696,1.6868037718817819
dropout 3of6,0.12,118,6,0.07963032673155578,0.13432051575821594,1.6868010125216228
dropout 3of6,0.12,119,6,0.07963032673155578,0.13432112404916616,1.6868086514573801
dropout 3of6,0.12,120,6,0.07963032673155578,0.1343209472433993,1.6868064311253266
dropout 3of6,0.12,121,6,0.07963032673155578,0.1343204078153587,1.6867996569720267
dropout 3of6,0.12,122,6,0.07963032673155578,0.13432029789721012,1.6867982766166636
dropout 3of6,0.12,123,6,0.07963032673155578,0.13431955518469668,1.686788949610937
dropout 3of6,0.12,124,6,0.07963032673155578,0.13432182406424226,1.6868174422674247
dropout 3of6,0.12,125,6,0.07963032673155578,0.1343204411487315,1.6868000755735093
dropout 3of6,0.12,126,6,0.07963032673155578,0.1343225195488124,1.686826176183242
dropout 3of6,0.12,127,6,0.07963032673155578,0.13432076765034873,1.686804175790482
dropout 3of6,0.12,128,6,0.07963032673155578,0.13432064396844107,1.6868026225894248
dropout 3of6,0.12,129,6,0.07963032673155578,0.1343205024979282,1.686800845998537
dropout 3of6,0.12,130,6,0.07963032673155578,0.13432246145260432,1.686825446609341
dropout 3of6,0.12,131,6,0.07963032673155578,0.13432053627330295,1.686801270150693
dropout 3of6,0.12,132,6,0.07963032673155578,0.1343211465666992,1.6868089342332264
dropout 3of6,0.12,133,6,0.07963032673155578,0.13431989176508788,1.6867931763974517
dropout 3of6,0.12,134,6,0.07963032673155578,0.1343205039258128,1.686800863929954
dropout 3of6,0.12,135,6,0.07963032673155578,0.13432020896833563,1.6867971598452256
dropout 3of6,0.12,136,6,0.07963032673155578,0.13432013495838244,1.6867962304260429
dropout 3of6,0.12,137,6,0.07963032673155578,0.13432013112521143,1.6867961822889679
dropout 3of6,0.12,138,6,0.07963032673155578,0.13431995760865284,1.6867940032628894
dropout 3of6,0.12,139,6,0.07963032673155578,0.13432038371499608,1.6867993543189597
dropout 3of6,0.12,140,6,0.07963032673155578,0.13432004888998877,1.6867951495766078
dropout 3of6,0.12,141,6,0.07963032673155578,0.13432078973856576,1.6868044531749653
dropout 3of6,0.12,142,6,0.07963032673155578,0.13432066521568997,1.6868028894130054
dropout 3of6,0.12,143,6,0.07963032673155578,0.13432131829823496,1.6868110908429355
dropout 3of6,0.12,144,6,0.07963032673155578,0.13432185823237688,1.6868178713518707
dropout 3of6,0.12,145,6,0.07963032673155578,0.13432159239086905,1.6868145329063469
dropout 3of6,0.12,146,6,0.07963032673155578,0.1343218358605863,1.6868175904062623
dropout 3of6,0.12,147,6,0.07963032673155578,0.1343213340825905,1.6868112890633395
dropout 3of6,0.12,148,6,0.07963032673155578,0.1343210724104821,1.6868080029772572
dropout 3of6,0.12,149,6,0.07963032673155578,0.1343220725962747,1.6868205633400444
dropout 3of6,0.2,0,6,0.07963032673155578,0.08967774703640012,1.1261758015726284
dropout 3of6,0.2,1,0,0.07963032673155578,0.0,0.0
dropout 3of6,0.35,0,6,0.07963032673155578,0.08967774703640012,1.1261758015726284
dropout 3of6,0.35,1,0,0.07963032673155578,0.0,0.0
two features,0.0,0,6,0.07963032673155578,0.08967774703640012,1.1261758015726284
two features,0.0,1,6,0.07963032673155578,0.09095805595175013,1.142253958826285
two features,0.0,2,6,0.07963032673155578,0.09323572596857477,1.1708570063122379
two features,0.0,3,6,0.07963032673155578,0.09556385646056041,1.2000937379387961
two features,0.0,4,6,0.07963032673155578,0.09813748507620444,1.2324134422685307
two features,0.0,5,6,0.07963032673155578,0.101400466980987,1.2733900656068033
two features,0.0,6,6,0.07963032673155578,0.09994635466418285,1.255129280093438
two features,0.0,7,6,0.07963032673155578,0.10349669166264852,1.2997145172033435
two features,0.0,8,6,0.07963032673155578,0.10668952363670899,1.3398101956353048
two features,0.0,9,6,0.07963032673155578,0.10937226542253513,1.373500146385727
two features,0.0,10,6,0.07963032673155578,0.11176861912351088,1.4035936270900593
two features,0.0,11,6,0.07963032673155578,0.11381274408340102,1.4292638088385425
two features,0.0,12,6,0.07963032673155578,0.11564802360693176,1.4523113034157995
two features,0.0,13,6,0.07963032673155578,0.11720379263009394,1.471848696856453
two features,0.0,14,6,0.07963032673155578,0.11863902253169464,1.4898723564408103
two features,0.0,15,6,0.07963032673155578,0.1199286136190033,1.506067079484658
two features,0.0,16,6,0.07963032673155578,0.12120719170456014,1.5221235009265428
two features,0.0,17,6,0.07963032673155578,0.12238666570851751,1.5369353703784105
two features,0.0,18,6,0.07963032673155578,0.12341236040718885,1.5498160747629233
two features,0.0,19,6,0.07963032673155578,0.12439542467823883,1.562161424975588
two features,0.0,20,6,0.07963032673155578,0.1253287540045045,1.5738822022795924
two features,0.0,21,6,0.07963032673155578,0.12614732780677815,1.5841618763167613
two features,0.0,22,6,0.07963032673155578,0.12687488863927332,1.5932986067856425
two features,0.0,23,6,0.07963032673155578,0.1275915933520381,1.602299005781629
two features,0.0,24,6,0.07963032673155578,0.1282062985115708,1.610018491369136
two features,0.0,25,6,0.07963032673155578,0.1288040698101083,1.6175253210290552
two features,0.0,26,6,0.07963032673155578,0.129315219135857,1.623944349390848
two features,0.0,27,6,0.07963032673155578,0.12979385086932177,1.629955020866281
two features,0.0,28,6,0.07963032673155578,0.1302327539453084,1.6354667786852113
two features,0.0,29,6,0.07963032673155578,0.13062634382624438,1.640409492059512
two features,0.0,30,2,1e-06,0.0,0.0
two features,0.0,31,2,1e-06,0.0,0.0
two features,0.0,32,2,1e-06,0.0,0.0
two features,0.0,33,2,1e-06,0.0,0.0
two features,0.0,34,2,1e-06,0.0,0.0
two features,0.0,35,2,1e-06,0.0,0.0
two features,0.0,36,2,1e-06,0.0,0.0
two features,0.0,37,2,1e-06,0.0,0.0
two features,0.0,38,2,1e-06,0.0,0.0
two features,0.0,39,2,1e-06,0.0,0.0
two features,0.0,40,2,1e-06,0.0,0.0
two features,0.0,41,2,1e-06,0.0,0.0
two features,0.0,42,2,1e-06,0.0,0.0
two features,0.0,43,2,1e-06,0.0,0.0
two features,0.0,44,2,1e-06,0.0,0.0
two features,0.0,45,2,1e-06,0.0,0.0
two features,0.0,46,2,1e-06,0.0,0.0
two features,0.0,47,2,1e-06,0.0,0.0
two features,0.0,48,2,1e-06,0.0,0.0
two features,0.0,49,2,1e-06,0.0,0.0
two features,0.0,50,2,1e-06,0.0,0.0
two features,0.0,51,2,1e-06,0.0,0.0
two features,0.0,52,2,1e-06,0.0,0.0
two features,0.0,53,2,1e-06,0.0,0.0
two features,0.0,54,2,1e-06,0.0,0.0
two features,0.0,55,2,1e-06,0.0,0.0
two features,0.0,56,2,1e-06,0.0,0.0
two features,0.0,57,2,1e-06,0.0,0.0
two features,0.0,58,2,1e-06,0.0,0.0
two features,0.0,59,2,1e-06,0.0,0.0
two features,0.0,60,2,1e-06,0.0,0.0
two features,0.0,61,2,1e-06,0.0,0.0
two features,0.0,62,2,1e-06,0.0,0.0
two features,0.0,63,2,1e-06,0.0,0.0
two features,0.0,64,2,1e-06,0.0,0.0
two features,0.0,65,2,1e-06,0.0,0.0
two features,0.0,66,2,1e-06,0.0,0.0
two features,0.0,67,2,1e-06,0.0,0.0
two features,0.0,68,2,1e-06,0.0,0.0
two features,0.0,69,2,1e-06,0.0,0.0
two features,0.0,70,2,1e-06,0.0,0.0
two features,0.0,71,2,1e-06,0.0,0.0
two features,0.0,72,2,1e-06,0.0,0.0
two features,0.0,73,2,1e-06,0.0,0.0
two features,0.0,74,2,1e-06,0.0,0.0
two features,0.0,75,2,1e-06,0.0,0.0
two features,0.0,76,2,1e-06,0.0,0.0
two features,0.0,77,2,1e-06,0.0,0.0
two features,0.0,78,2,1e-06,0.0,0.0
two features,0.0,79,2,1e-06,0.0,0.0
two features,0.0,80,2,1e-06,0.0,0.0
two features,0.0,81,2,1e-06,0.0,0.0
two features,0.0,82,2,1e-06,0.0,0.0
two features,0.0,83,2,1e-06,0.0,0.0
two features,0.0,84,2,1e-06,0.0,0.0
two features,0.0,85,2,1e-06,0.0,0.0
two features,0.0,86,2,1e-06,0.0,0.0
two features,0.0,87,2,1e-06,0.0,0.0
two features,0.0,88,2,1e-06,0.0,0.0
two features,0.0,89,2,1e-06,0.0,0.0
two features,0.0,90,2,1e-06,0.0,0.0
two features,0.0,91,6,0.07963032673155578,0.13419168086180988,1.6851831000792896
two features,0.0,92,6,0.07963032673155578,0.13420616268375268,1.6853649632278813
two features,0.0,93,6,0.07963032673155578,0.13421960516369838,1.6855337742889112
two features,0.0,94,6,0.07963032673155578,0.13423091099776852,1.6856757532877948
two features,0.0,95,6,0.07963032673155578,0.13424272190196737,1.6858240749723044
two features,0.0,96,6,0.07963032673155578,0.13425206735468942,1.6859414354441953
two features,0.0,97,6,0.07963032673155578,0.13426131486562343,1.686057565960213
two features,0.0,98,6,0.07963032673155578,0.1342682192703821,1.6861442716795296
two features,0.0,99,6,0.07963032673155578,0.13427692045831283,1.6862535414551023
two features,0.0,100,6,0.07963032673155578,0.13428235116840423,1.6863217404731687
two features,0.0,101,6,0.07963032673155578,0.13428751171917294,1.6863865468224646
two features,0.0,102,6,0.07963032673155578,0.134291794838691,1.6864403343641445
two features,0.0,103,6,0.07963032673155578,0.1342955027073799,1.6864868978888854
two features,0.0,104,6,0.07963032673155578,0.13429847117624688,1.6865241760087781
two features,0.0,105,6,0.07963032673155578,0.1343012502360207,1.6865590755236723
two features,0.0,106,6,0.07963032673155578,0.13430447416212943,1.686599561683168
two features,0.0,107,6,0.07963032673155578,0.13430680680350848,1.6866288550626478
two features,0.0,108,6,0.07963032673155578,0.13430862616831662,1.6866517026997583
two features,0.0,109,6,0.07963032673155578,0.1343106766938527,1.6866774532601319
two features,0.0,110,6,0.07963032673155578,0.13431189891607745,1.6866928019630059
two features,0.0,111,6,0.07963032673155578,0.13431264426617784,1.6867021620916274
two features,0.0,112,6,0.07963032673155578,0.13431321714829603,1.6867093563622237
two features,0.0,113,6,0.07963032673155578,0.1343145031933716,1.6867255065543474
two features,0.0,114,6,0.07963032673155578,0.13431550417170643,1.6867380768699032
two features,0.0,115,6,0.07963032673155578,0.1343159761103055,1.6867440034887986
two features,0.0,116,6,0.07963032673155578,0.1343167706884296,1.686753981824399
two features,0.0,117,6,0.07963032673155578,0.13431751714424142,1.6867633558385777
two features,0.0,118,6,0.07963032673155578,0.1343179028023607,1.6867681989446544
two features,0.0,119,6,0.07963032673155578,0.13431828554358816,1.6867730054203172
two features,0.0,120,6,0.07963032673155578,0.13431941468513764,1.686787185213316
two features,0.0,121,6,0.07963032673155578,0.13431914116044383,1.6867837502821152
two features,0.0,122,6,0.07963032673155578,0.13431933971211407,1.686786243699867
two features,0.0,123,6,0.07963032673155578,0.13431933931701112,1.6867862387381525
two features,0.0,124,6,0.07963032673155578,0.13432038587770162,1.6867993814782798
two features,0.0,125,6,0.07963032673155578,0.13432031394146446,1.6867984781008845
two features,0.0,126,6,0.07963032673155578,0.13432019505544207,1.6867969851266964
two features,0.0,127,6,0.07963032673155578,0.13432050330419992,1.686800856123721
two features,0.0,128,6,0.07963032673155578,0.13432026988222567,1.6867979248036598
two features,0.0,129,6,0.07963032673155578,0.13432079755096016,1.6868045512832455
two features,0.0,130,6,0.07963032673155578,0.13432050304721646,1.6868008528965153
two features,0.0,131,6,0.07963032673155578,0.13432067277353635,1.686802984324664
two features,0.0,132,6,0.07963032673155578,0.13432054745012323,1.6868014105095328
two features,0.0,133,6,0.07963032673155578,0.13432096837379623,1.6868066964814767
two features,0.0,134,6,0.07963032673155578,0.13432070427609655,1.6868033799347473
two features,0.0,135,6,0.07963032673155578,0.13432096837379623,1.6868066964814767
two features,0.0,136,6,0.07963032673155578,0.13432070861672085,1.6868034344444358
two features,0.0,137,6,0.07963032673155578,0.13432125008613685,1.6868102342333884
two features,0.0,138,6,0.07963032673155578,0.13432079971455863,1.6868045784537788
two features,0.0,139,6,0.07963032673155578,0.13432066881055815,1.6868029345574664
two features,0.0,140,6,0.07963032673155578,0.1343210267987086,1.6868074301832556
two features,0.0,141,6,0.07963032673155578,0.1343207078390915,1.6868034246789434
two features,0.0,142,6,0.07963032673155578,0.1343208568656453,1.686805296158817
two features,0.0,143,6,0.07963032673155578,0.1343209313604079,1.6868062316662507
two features,0.0,144,6,0.07963032673155578,0.13432064403126295,1.686802623378344
two features,0.0,145,6,0.07963032673155578,0.13432099830749722,1.6868070723897797
two features,0.0,146,6,0.07963032673155578,0.13432088833631312,1.6868056913683949
two features,0.0,147,6,0.07963032673155578,0.1343209577309499,1.6868065628282976
two features,0.0,148,6,0.07963032673155578,0.13432098325111008,1.6868068833112244
two features,0.0,149,6,0.07963032673155578,0.1343209577309499,1.6868065628282976
two features,0.04,0,6,0.07963032673155578,0.08967774703640012,1.1261758015726284
two features,0.04,1,6,0.07963032673155578,0.09095829896681533,1.1422570106166665
two features,0.04,2,6,0.07963032673155578,0.09325124241536302,1.171051862310262
two features,0.04,3,6,0.07963032673155578,0.09556416469140566,1.200097608710874
two features,0.04,4,6,0.07963032673155578,0.09813503674257706,1.232382696022372
two features,0.04,5,6,0.07963032673155578,0.10139310992235723,1.273297675446776
two features,0.04,6,6,0.07963032673155578,0.09990071137818196,1.254556090356885
two features,0.04,7,6,0.07963032673155578,0.10347555830240937,1.2994491238399535
two features,0.04,8,6,0.07963032673155578,0.10666718888104007,1.3395297151125485
two features,0.04,9,6,0.07963032673155578,0.10936037684940915,1.373350849332532
two features,0.04,10,6,0.07963032673155578,0.111772499586542,1.4036423580596584
two features,0.04,11,6,0.07963032673155578,0.11381849520683474,1.4293360316168453
two features,0.04,12,6,0.07963032673155578,0.11564618979809428,1.4522882743901413
two features,0.04,13,6,0.07963032673155578,0.11721746906658012,1.4720204459506427
two features,0.04,14,6,0.07963032673155578,0.11864909610430231,1.4899988606637757
two features,0.04,15,6,0.07963032673155578,0.11993620584780798,1.5061624229187027
two features,0.04,16,6,0.07963032673155578,0.12121426760018762,1.5222123602332656
two features,0.04,17,6,0.07963032673155578,0.12239713249307738,1.53706681256871
two features,0.04,18,6,0.07963032673155578,0.12342384688791509,1.5499603223278613
two features,0.04,19,6,0.07963032673155578,0.12440282618395114,1.5622543733033936
two features,0.04,20,6,0.07963032673155578,0.12533843134795364,1.5740037306450574
two features,0.04,21,6,0.07963032673155578,0.12615842024039375,1.584301175426421
two features,0.04,22,6,0.07963032673155578,0.12688122530577203,1.5933781828310865
two features,0.04,23,6,0.07963032673155578,0.12759672235889907,1.602363416001598
two features,0.04,24,6,0.07963032673155578,0.12821004548432857,1.6100655459639313
two features,0.04,25,6,0.07963032673155578,0.12880930351487946,1.6175910460484788
two features,0.04,26,6,0.07963032673155578,0.12932083192516297,1.6240148349650803
two features,0.04,27,6,0.07963032673155578,0.1297972886343924,1.6299981924217894
two features,0.04,28,6,0.07963032673155578,0.13023834042990518,1.6355369339241268
two features,0.04,29,6,0.07963032673155578,0.13062969290644208,1.640451549907761
two features,0.04,30,2,1e-06,0.0,0.0
two features,0.04,31,2,1e-06,0.0,0.0
two features,0.04,32,2,1e-06,0.0,0.0
two features,0.04,33,2,1e-06,0.0,0.0
two features,0.04,34,2,1e-06,0.0,0.0
two features,0.04,35,2,1e-06,0.0,0.0
two features,0.04,36,2,1e-06,0.0,0.0
two features,0.04,37,2,1e-06,0.0,0.0
two features,0.04,38,2,1e-06,0.0,0.0
two features,0.04,39,2,1e-06,0.0,0.0
two features,0.04,40,2,1e-06,0.0,0.0
two features,0.04,41,2,1e-06,0.0,0.0
two features,0.04,42,2,1e-06,0.0,0.0
two features,0.04,43,2,1e-06,0.0,0.0
two features,0.04,44,2,1e-06,0.0,0.0
two features,0.04,45,2,1e-06,0.0,0.0
two features,0.04,46,2,1e-06,0.0,0.0
two features,0.04,47,2,1e-06,0.0,0.0
two features,0.04,48,2,1e-06,0.0,0.0
two features,0.04,49,2,1e-06,0.0,0.0
two features,0.04,50,2,1e-06,0.0,0.0
two features,0.04,51,2,1e-06,0.0,0.0
two features,0.04,52,2,1e-06,0.0,0.0
two features,0.04,53,2,1e-06,0.0,0.0
two features,0.04,54,2,1e-06,0.0,0.0
two features,0.04,55,2,1e-06,0.0,0.0
two features,0.04,56,2,1e-06,0.0,0.0
two features,0.04,57,2,1e-06,0.0,0.0
two features,0.04,58,2,1e-06,0.0,0.0
two features,0.04,59,2,1e-06,0.0,0.0
two features,0.04,60,2,1e-06,0.0,0.0
two features,0.04,61,2,1e-06,0.0,0.0
two features,0.04,62,2,1e-06,0.0,0.0
two features,0.04,63,2,1e-06,0.0,0.0
two features,0.04,64,2,1e-06,0.0,0.0
two features,0.04,65,2,1e-06,0.0,0.0
two features,0.04,66,2,1e-06,0.0,0.0
two features,0.04,67,2,1e-06,0.0,0.0
two features,0.04,68,2,1e-06,0.0,0.0
two features,0.04,69,2,1e-06,0.0,0.0
two features,0.04,70,2,1e-06,0.0,0.0
two features,0.04,71,2,1e-06,0.0,0.0
two features,0.04,72,2,1e-06,0.0,0.0
two features,0.04,73,2,1e-06,0.0,0.0
two features,0.04,74,2,1e-06,0.0,0.0
two features,0.04,75,2,1e-06,0.0,0.0
two features,0.04,76,2,1e-06,0.0,0.0
two features,0.04,77,2,1e-06,0.0,0.0
two features,0.04,78,2,1e-06,0.0,0.0
two features,0.04,79,2,1e-06,0.0,0.0
two features,0.04,80,2,1e-06,0.0,0.0
two features,0.04,81,2,1e-06,0.0,0.0
two features,0.04,82,2,1e-06,0.0,0.0
two features,0.04,83,2,1e-06,0.0,0.0
two features,0.04,84,2,1e-06,0.0,0.0
two features,0.04,85,2,1e-06,0.0,0.0
two features,0.04,86,2,1e-06,0.0,0.0
two features,0.04,87,2,1e-06,0.0,0.0
two features,0.04,88,2,1e-06,0.0,0.0
two features,0.04,89,2,1e-06,0.0,0.0
two features,0.04,90,2,1e-06,0.0,0.0
two features,0.04,91,6,0.07963032673155578,0.1341893647475059,1.6851540142473076
two features,0.04,92,6,0.07963032673155578,0.13420360345362015,1.6853328243401287
two features,0.04,93,6,0.07963032673155578,0.13421932532300285,1.685530260041174
two features,0.04,94,6,0.07963032673155578,0.13423021511135363,1.6856670143256
two features,0.04,95,6,0.07963032673155578,0.1342425761460382,1.6858222445650317
two features,0.04,96,6,0.07963032673155578,0.1342512789934642,1.685931535180595
two features,0.04,97,6,0.07963032673155578,0.13426226209848666,1.6860694613385458
two features,0.04,98,6,0.07963032673155578,0.13426777749614568,1.6861387238655932
two features,0.04,99,6,0.07963032673155578,0.13427375251679577,1.686213758351766
two features,0.04,100,6,0.07963032673155578,0.1342807725213189,1.6863019157763461
two features,0.04,101,6,0.07963032673155578,0.1342877342255202,1.6863893410637594
two features,0.04,102,6,0.07963032673155578,0.1342899392332005,1.6864170316154727
two features,0.04,103,6,0.07963032673155578,0.13429475692161832,1.6864775322892178
two features,0.04,104,6,0.07963032673155578,0.13429908588478248,1.6865318955367623
two features,0.04,105,6,0.07963032673155578,0.1343030354376353,1.6865814941383874
two features,0.04,106,6,0.07963032673155578,0.13430682959805432,1.6866291413172292
two features,0.04,107,6,0.07963032673155578,0.13430792531556693,1.6866429013701836
two features,0.04,108,6,0.07963032673155578,0.13431009301326746,1.6866701233820667
two features,0.04,109,6,0.07963032673155578,0.13431142397591955,1.6866868376504456
two features,0.04,110,6,0.07963032673155578,0.13431193053418433,1.6866931990241278
two features,0.04,111,6,0.07963032673155578,0.13431337363437926,1.6867113215190888
two features,0.04,112,6,0.07963032673155578,0.1343138597261673,1.6867174258741504
two features,0.04,113,6,0.07963032673155578,0.13431508654498844,1.6867328323012176
two features,0.04,114,6,0.07963032673155578,0.13431631645117748,1.6867482774995424
two features,0.04,115,6,0.07963032673155578,0.1343162258445328,1.6867471396586167
two features,0.04,116,6,0.07963032673155578,0.13431718962288938,1.6867592428157447
two features,0.04,117,6,0.07963032673155578,0.13431798148652627,1.6867691870627344
two features,0.04,118,6,0.07963032673155578,0.1343176668032451,1.6867652352607756
two features,0.04,119,6,0.07963032673155578,0.13431896274012686,1.686781509674494
two features,0.04,120,6,0.07963032673155578,0.134318817650705,1.6867796876372398
two features,0.04,121,6,0.07963032673155578,0.13431929983606825,1.6867857429353033
two features,0.04,122,6,0.07963032673155578,0.1343190734059076,1.6867828994186438
two features,0.04,123,6,0.07963032673155578,0.13431941979573214,1.686787249392313
two features,0.04,124,6,0.07963032673155578,0.1343191498967722,1.6867838599931857
two features,0.04,125,6,0.07963032673155578,0.13431932075565073,1.6867860056440391
two features,0.04,126,6,0.07963032673155578,0.1343202677938349,1.6867978985775867
two features,0.04,127,6,0.07963032673155578,0.1343196928298347,1.686790678162654
two features,0.04,128,6,0.07963032673155578,0.1343201580737657,1.6867965207097102
two features,0.04,129,6,0.07963032673155578,0.1343201580737657,1.6867965207097102
two features,0.04,130,6,0.07963032673155578,0.1343200451600694,1.6867951027361698
two features,0.04,131,6,0.07963032673155578,0.13431989271082695,1.686793188274071
two features,0.04,132,6,0.07963032673155578,0.1343205755288814,1.686801763123409
two features,0.04,133,6,0.07963032673155578,0.13432040946660476,1.6867996777084238
two features,0.04,134,6,0.07963032673155578,0.1343205694621507,1.6868016869372253
two features,0.04,135,6,0.07963032673155578,0.13432145982847957,1.6868128681839363
two features,0.04,136,6,0.07963032673155578,0.1343213777926848,1.6868118379759975
two features,0.04,137,6,0.07963032673155578,0.13432115004488604,1.6868089779123998
two features,0.04,138,6,0.07963032673155578,0.13432124971961626,1.686810229630612
two features,0.04,139,6,0.07963032673155578,0.1343209627485703,1.6868066258397232
two features,0.04,140,6,0.07963032673155578,0.1343211757152208,1.6868093002812232
two features,0.04,141,6,0.07963032673155578,0.13432071751404992,1.6868035461773576
two features,0.04,142,6,0.07963032673155578,0.13432161552513064,1.6868148234270888
two features,0.04,143,6,0.07963032673155578,0.1343210053210872,1.6868071604666504
two features,0.04,144,6,0.07963032673155578,0.13432072960070715,1.686803697961957
two features,0.04,145,6,0.07963032673155578,0.13432113598015086,1.686808801287039
two features,0.04,146,6,0.07963032673155578,0.13432090314839076,1.6868058773789043
two features,0.04,147,6,0.07963032673155578,0.13432114257134198,1.6868088840594122
two features,0.04,148,6,0.07963032673155578,0.13432090314839076,1.6868058773789043
two features,0.04,149,6,0.07963032673155578,0.13432090314839076,1.6868058773789043
two features,0.08,0,6,0.07963032673155578,0.08967774703640012,1.1261758015726284
two features,0.08,1,6,0.07963032673155578,0.09104250463543702,1.1433144678955443
two features,0.08,2,6,0.07963032673155578,0.09327565924097521,1.171358489528991
two features,0.08,3,6,0.07963032673155578,0.09555575487020453,1.1999919979273155
two features,0.08,4,6,0.07963032673155578,0.09813177833956123,1.2323417769008567
two features,0.08,5,6,0.07963032673155578,0.10137965682609945,1.2731287310657848
two features,0.08,6,6,0.07963032673155578,0.09989976742437624,1.2545442361570536
two features,0.08,7,6,0.07963032673155578,0.1034245743166269,1.2988088654374688
two features,0.08,8,6,0.07963032673155578,0.1065895179641127,1.3385543214388644
two features,0.08,9,6,0.07963032673155578,0.10934042166412665,1.3731002515251192
two features,0.08,10,6,0.07963032673155578,0.11177360453783612,1.4036562340707144
two features,0.08,11,6,0.07963032673155578,0.11383146279932796,1.4294988790271912
two features,0.08,12,6,0.07963032673155578,0.1156616235168026,1.4524820914864889
two features,0.08,13,6,0.07963032673155578,0.11723819761794611,1.4722807557122224
two features,0.08,14,6,0.07963032673155578,0.11866439670532691,1.490191006064311
two features,0.08,15,6,0.07963032673155578,0.11993969978204069,1.5062062998482109
two features,0.08,16,6,0.07963032673155578,0.12122353135494938,1.5223286947397532
two features,0.08,17,6,0.07963032673155578,0.12240242326600763,1.5371332542517648
two features,0.08,18,6,0.07963032673155578,0.12343981890657921,1.5501608994109863
two features,0.08,19,6,0.07963032673155578,0.12441525991069652,1.5624105164118767
two features,0.08,20,6,0.07963032673155578,0.12534904936707747,1.5741370720434875
two features,0.08,21,6,0.07963032673155578,0.1261686581826204,1.5844297438079267
two features,0.08,22,6,0.07963032673155578,0.12688786038226804,1.593461506318109
two features,0.08,23,6,0.07963032673155578,0.12760147715870368,1.6024231269182772
two features,0.08,24,6,0.07963032673155578,0.12821416443740843,1.6101172718986212
two features,0.08,25,6,0.07963032673155578,0.1288167237032418,1.6176842289935565
two features,0.08,26,6,0.07963032673155578,0.12932705191620056,1.62409294579663
two features,0.08,27,6,0.07963032673155578,0.12980132268497224,1.6300488521483711
two features,0.08,28,6,0.07963032673155578,0.13024247546320283,1.635588861794668
two features,0.08,29,6,0.07963032673155578,0.13063362813234594,1.6405009685911367
two features,0.08,30,2,1e-06,0.0,0.0
two features,0.08,31,2,1e-06,0.0,0.0
two features,0.08,32,2,1e-06,0.0,0.0
two features,0.08,33,2,1e-06,0.0,0.0
two features,0.08,34,2,1e-06,0.0,0.0
two features,0.08,35,2,1e-06,0.0,0.0
two features,0.08,36,2,1e-06,0.0,0.0
two features,0.08,37,2,1e-06,0.0,0.0
two features,0.08,38,2,1e-06,0.0,0.0
two features,0.08,39,2,1e-06,0.0,0.0
two features,0.08,40,2,1e-06,0.0,0.0
two features,0.08,41,2,1e-06,0.0,0.0
two features,0.08,42,2,1e-06,0.0,0.0
two features,0.08,43,2,1e-06,0.0,0.0
two features,0.08,44,2,1e-06,0.0,0.0
two features,0.08,45,2,1e-06,0.0,0.0
two features,0.08,46,2,1e-06,0.0,0.0
two features,0.08,47,2,1e-06,0.0,0.0
two features,0.08,48,2,1e-06,0.0,0.0
two features,0.08,49,2,1e-06,0.0,0.0
two features,0.08,50,2,1e-06,0.0,0.0
two features,0.08,51,2,1e-06,0.0,0.0
two features,0.08,52,2,1e-06,0.0,0.0
two features,0.08,53,2,1e-06,0.0,0.0
two features,0.08,54,2,1e-06,0.0,0.0
two features,0.08,55,2,1e-06,0.0,0.0
two features,0.08,56,2,1e-06,0.0,0.0
two features,0.08,57,2,1e-06,0.0,0.0
two features,0.08,58,2,1e-06,0.0,0.0
two features,0.08,59,2,1e-06,0.0,0.0
two features,0.08,60,2,1e-06,0.0,0.0
two features,0.08,61,2,1e-06,0.0,0.0
two features,0.08,62,2,1e-06,0.0,0.0
two features,0.08,63,2,1e-06,0.0,0.0
two features,0.08,64,2,1e-06,0.0,0.0
two features,0.08,65,2,1e-06,0.0,0.0
two features,0.08,66,2,1e-06,0.0,0.0
two features,0.08,67,2,1e-06,0.0,0.0
two features,0.08,68,2,1e-06,0.0,0.0
two features,0.08,69,2,1e-06,0.0,0.0
two features,0.08,70,2,1e-06,0.0,0.0
two features,0.08,71,2,1e-06,0.0,0.0
two features,0.08,72,2,1e-06,0.0,0.0
two features,0.08,73,2,1e-06,0.0,0.0
two features,0.08,74,2,1e-06,0.0,0.0
two features,0.08,75,2,1e-06,0.0,0.0
two features,0.08,76,2,1e-06,0.0,0.0
two features,0.08,77,2,1e-06,0.0,0.0
two features,0.08,78,2,1e-06,0.0,0.0
two features,0.08,79,2,1e-06,0.0,0.0
two features,0.08,80,2,1e-06,0.0,0.0
two features,0.08,81,2,1e-06,0.0,0.0
two features,0.08,82,2,1e-06,0.0,0.0
two features,0.08,83,2,1e-06,0.0,0.0
two features,0.08,84,2,1e-06,0.0,0.0
two features,0.08,85,2,1e-06,0.0,0.0
two features,0.08,86,2,1e-06,0.0,0.0
two features,0.08,87,2,1e-06,0.0,0.0
two features,0.08,88,2,1e-06,0.0,0.0
two features,0.08,89,2,1e-06,0.0,0.0
two features,0.08,90,2,1e-06,0.0,0.0
two features,0.08,91,6,0.07963032673155578,0.1341883091154294,1.685140757588446
two features,0.08,92,6,0.07963032673155578,0.13420418573644363,1.6853401366650604
two features,0.08,93,6,0.07963032673155578,0.1342170339047904,1.6855014843434404
two features,0.08,94,6,0.07963032673155578,0.13423009640973804,1.685665523667198
two features,0.08,95,6,0.07963032673155578,0.13424193495995096,1.6858141925311703
two features,0.08,96,6,0.07963032673155578,0.13425049071550643,1.6859216359626699
two features,0.08,97,6,0.07963032673155578,0.13426085967352364,1.686051849644351
two features,0.08,98,6,0.07963032673155578,0.13426843302489466,1.6861469560150253
two features,0.08,99,6,0.07963032673155578,0.13427405440232612,1.6862175494391916
two features,0.08,100,6,0.07963032673155578,0.1342808524723793,1.6863029198041293
two features,0.08,101,6,0.07963032673155578,0.13428779071844027,1.6863900505035216
two features,0.08,102,6,0.07963032673155578,0.1342897763419084,1.686414986021805
two features,0.08,103,6,0.07963032673155578,0.1342945508269669,1.6864749441464852
two features,0.08,104,6,0.07963032673155578,0.1342989335952294,1.6865299830800473
two features,0.08,105,6,0.07963032673155578,0.13430275491611524,1.6865779713408353
two features,0.08,106,6,0.07963032673155578,0.13430449875226594,1.6865998704868301
two features,0.08,107,6,0.07963032673155578,0.13430861451677345,1.6866515563793343
two features,0.08,108,6,0.07963032673155578,0.13431003378336664,1.686669379571219
two features,0.08,109,6,0.07963032673155578,0.13431161736553773,1.6866892662429946
two features,0.08,110,6,0.07963032673155578,0.1343133932414862,1.686711567745718
two features,0.08,111,6,0.07963032673155578,0.13431353690781075,1.686713371911674
two features,0.08,112,6,0.07963032673155578,0.13431343510541618,1.68671209347419
two features,0.08,113,6,0.07963032673155578,0.13431551544753065,1.6867382184720374
two features,0.08,114,6,0.07963032673155578,0.13431678356948157,1.686754143585031
two features,0.08,115,6,0.07963032673155578,0.1343170854361381,1.6867579344354384
two features,0.08,116,6,0.07963032673155578,0.13431756877878015,1.6867640042666434
two features,0.08,117,6,0.07963032673155578,0.13431788323728316,1.6867679532458315
two features,0.08,118,6,0.07963032673155578,0.13431838144049044,1.6867742096964544
two features,0.08,119,6,0.07963032673155578,0.13431813277613808,1.6867710869621575
two features,0.08,120,6,0.07963032673155578,0.13431900719417778,1.6867820679297811
two features,0.08,121,6,0.07963032673155578,0.13431891377412666,1.686780894758014
two features,0.08,122,6,0.07963032673155578,0.13431862388901367,1.686777254372185
two features,0.08,123,6,0.07963032673155578,0.13432012301850144,1.6867960804846638
two features,0.08,124,6,0.07963032673155578,0.13431980423865572,1.6867920772379261
two features,0.08,125,6,0.07963032673155578,0.1343195164279342,1.6867884629023664
two features,0.08,126,6,0.07963032673155578,0.13431911686989678,1.6867834452407064
two features,0.08,127,6,0.07963032673155578,0.13432026090333088,1.686797812046433
two features,0.08,128,6,0.07963032673155578,0.13431972822039592,1.6867911225983696
two features,0.08,129,6,0.07963032673155578,0.1343204367967876,1.6868000209216687
two features,0.08,130,6,0.07963032673155578,0.1343199407033042,1.6867937909650206
two features,0.08,131,6,0.07963032673155578,0.13432001689529477,1.6867947477862935
two features,0.08,132,6,0.07963032673155578,0.134320331794751,1.6867987023029853
two features,0.08,133,6,0.07963032673155578,0.13432052449581802,1.6868011222486885
two features,0.08,134,6,0.07963032673155578,0.13432094290306498,1.6868063766192798
two features,0.08,135,6,0.07963032673155578,0.1343207458275926,1.6868039017396645
two features,0.08,136,6,0.07963032673155578,0.13432119975945808,1.686809602229467
two features,0.08,137,6,0.07963032673155578,0.13432116620301068,1.6868091808266072
two features,0.08,138,6,0.07963032673155578,0.13432120321254792,1.6868096455934714
two features,0.08,139,6,0.07963032673155578,0.1343207122710318,1.6868034803353809
two features,0.08,140,6,0.07963032673155578,0.13432119850188498,1.6868095864368267
two features,0.08,141,6,0.07963032673155578,0.1343207075603516,1.6868034211785197
two features,0.08,142,6,0.07963032673155578,0.1343211418945497,1.6868088755602346
two features,0.08,143,6,0.07963032673155578,0.13432090112932352,1.6868058520233982
two features,0.08,144,6,0.07963032673155578,0.13432092385312536,1.6868061373895742
two features,0.08,145,6,0.07963032673155578,0.13432092385312536,1.6868061373895742
two features,0.08,146,6,0.07963032673155578,0.13432156326336617,1.6868141671223036
two features,0.08,147,6,0.07963032673155578,0.13432093405690593,1.6868062655289526
two features,0.08,148,6,0.07963032673155578,0.13432112474172822,1.6868086601545949
two features,0.08,149,6,0.07963032673155578,0.1343210025001519,1.6868071250412613
two features,0.12,0,6,0.07963032673155578,0.08967774703640012,1.1261758015726284
two features,0.12,1,3,0.03296208567631403,0.05209794504466044,1.5805415214394976
two features,0.12,2,6,0.07963032673155578,0.09708390362101053,1.2191825351702128
two features,0.12,3,6,0.07963032673155578,0.09956822102304798,1.2503806666360349
two features,0.12,4,6,0.07963032673155578,0.10186725489135642,1.2792520020012506
two features,0.12,5,6,0.07963032673155578,0.10418145045629432,1.308313738401496
two features,0.12,6,6,0.07963032673155578,0.10690314231934339,1.3424928253745314
two features,0.12,7,6,0.07963032673155578,0.1068225175931549,1.341480337676719
two features,0.12,8,6,0.07963032673155578,0.10967724252903657,1.3773300579159102
two features,0.12,9,6,0.07963032673155578,0.11210379620915074,1.4078027908521245
two features,0.12,10,6,0.07963032673155578,0.11421973466525799,1.434374808611644
two features,0.12,11,6,0.07963032673155578,0.11603770916558027,1.4572049861952536
two features,0.12,12,6,0.07963032673155578,0.11772061910172602,1.478339018984282
two features,0.12,13,6,0.07963032673155578,0.11918381794066084,1.4967139133115082
two features,0.12,14,6,0.07963032673155578,0.12046107942314566,1.5127538008130454
two features,0.12,15,6,0.07963032673155578,0.12164658692257668,1.527641439079651
two features,0.12,16,6,0.07963032673155578,0.12279377218862574,1.5420478256051815
two features,0.12,17,6,0.07963032673155578,0.1238177787269379,1.5549073300219374
two features,0.12,18,6,0.07963032673155578,0.12475113628299207,1.5666284618364614
two features,0.12,19,6,0.07963032673155578,0.12562201828811026,1.5775650238331744
two features,0.12,20,6,0.07963032673155578,0.1264093078762538,1.5874518297833446
two features,0.12,21,6,0.07963032673155578,0.1271580448408926,1.5968544907464586
two features,0.12,22,6,0.07963032673155578,0.12781606556598069,1.6051179344882676
two features,0.12,23,6,0.07963032673155578,0.1284509257118498,1.6130905269907359
two features,0.12,24,6,0.07963032673155578,0.12898952101436417,1.6198542227411006
two features,0.12,25,6,0.07963032673155578,0.12953389382527447,1.6266904726129046
two features,0.12,26,6,0.07963032673155578,0.12997001825537174,1.6321673361145137
two features,0.12,27,6,0.07963032673155578,0.1303796844274607,1.6373119360289408
two features,0.12,28,6,0.07963032673155578,0.13075389578433,1.6420112933244446
two features,0.12,29,6,0.07963032673155578,0.1311119669315137,1.6465079613889975
two features,0.12,30,2,1e-06,0.0,0.0
two features,0.12,31,2,1e-06,0.0,0.0
two features,0.12,32,2,1e-06,0.0,0.0
two features,0.12,33,2,1e-06,0.0,0.0
two features,0.12,34,2,1e-06,0.0,0.0
two features,0.12,35,2,1e-06,0.0,0.0
two features,0.12,36,2,1e-06,0.0,0.0
two features,0.12,37,2,1e-06,0.0,0.0
two features,0.12,38,2,1e-06,0.0,0.0
two features,0.12,39,2,1e-06,0.0,0.0
two features,0.12,40,2,1e-06,0.0,0.0
two features,0.12,41,2,1e-06,0.0,0.0
two features,0.12,42,2,1e-06,0.0,0.0
two features,0.12,43,2,1e-06,0.0,0.0
two features,0.12,44,2,1e-06,0.0,0.0
two features,0.12,45,2,1e-06,0.0,0.0
two features,0.12,46,2,1e-06,0.0,0.0
two features,0.12,47,2,1e-06,0.0,0.0
two features,0.12,48,2,1e-06,0.0,0.0
two features,0.12,49,2,1e-06,0.0,0.0
two features,0.12,50,2,1e-06,0.0,0.0
two features,0.12,51,2,1e-06,0.0,0.0
two features,0.12,52,2,1e-06,0.0,0.0
two features,0.12,53,2,1e-06,0.0,0.0
two features,0.12,54,2,1e-06,0.0,0.0
two features,0.12,55,2,1e-06,0.0,0.0
two features,0.12,56,2,1e-06,0.0,0.0
two features,0.12,57,2,1e-06,0.0,0.0
two features,0.12,58,2,1e-06,0.0,0.0
two features,0.12,59,2,1e-06,0.0,0.0
two features,0.12,60,2,1e-06,0.0,0.0
two features,0.12,61,2,1e-06,0.0,0.0
two features,0.12,62,2,1e-06,0.0,0.0
two features,0.12,63,2,1e-06,0.0,0.0
two features,0.12,64,2,1e-06,0.0,0.0
two features,0.12,65,2,1e-06,0.0,0.0
two features,0.12,66,2,1e-06,0.0,0.0
two features,0.12,67,2,1e-06,0.0,0.0
two features,0.12,68,2,1e-06,0.0,0.0
two features,0.12,69,2,1e-06,0.0,0.0
two features,0.12,70,2,1e-06,0.0,0.0
two features,0.12,71,2,1e-06,0.0,0.0
two features,0.12,72,2,1e-06,0.0,0.0
two features,0.12,73,2,1e-06,0.0,0.0
two features,0.12,74,2,1e-06,0.0,0.0
two features,0.12,75,2,1e-06,0.0,0.0
two features,0.12,76,2,1e-06,0.0,0.0
two features,0.12,77,2,1e-06,0.0,0.0
two features,0.12,78,2,1e-06,0.0,0.0
two features,0.12,79,2,1e-06,0.0,0.0
two features,0.12,80,2,1e-06,0.0,0.0
two features,0.12,81,2,1e-06,0.0,0.0
two features,0.12,82,2,1e-06,0.0,0.0
two features,0.12,83,2,1e-06,0.0,0.0
two features,0.12,84,2,1e-06,0.0,0.0
two features,0.12,85,2,1e-06,0.0,0.0
two features,0.12,86,2,1e-06,0.0,0.0
two features,0.12,87,2,1e-06,0.0,0.0
two features,0.12,88,2,1e-06,0.0,0.0
two features,0.12,89,2,1e-06,0.0,0.0
two features,0.12,90,2,1e-06,0.0,0.0
two features,0.12,91,6,0.07963032673155578,0.13418686939158628,1.6851226774938113
two features,0.12,92,6,0.07963032673155578,0.13420223098946163,1.6853155888946039
two features,0.12,93,6,0.07963032673155578,0.1342160698500027,1.6854893777148823
two features,0.12,94,6,0.07963032673155578,0.1342287748241386,1.685648927156124
two features,0.12,95,6,0.07963032673155578,0.13424043215790926,1.6857953202986504
two features,0.12,96,6,0.07963032673155578,0.13425000622407063,1.685915551704879
two features,0.12,97,6,0.07963032673155578,0.13425901099812504,1.6860286339239783
two features,0.12,98,6,0.07963032673155578,0.13426689859089608,1.6861276865474546
two features,0.12,99,6,0.07963032673155578,0.13427336293824466,1.6862088660127905
two features,0.12,100,6,0.07963032673155578,0.1342794340898076,1.6862851077138123
two features,0.12,101,6,0.07963032673155578,0.13428398362293167,1.6863422408854418
two features,0.12,102,6,0.07963032673155578,0.13428829277066004,1.6863963552901573
two features,0.12,103,6,0.07963032673155578,0.1342954374755071,1.6864860787050961
two features,0.12,104,6,0.07963032673155578,0.13429785907507633,1.6865164892241613
two features,0.12,105,6,0.07963032673155578,0.13430279564159572,1.6865784827726247
two features,0.12,106,6,0.07963032673155578,0.13430490096238834,1.686604921453452
two features,0.12,107,6,0.07963032673155578,0.1343071804928117,1.6866335478639782
two features,0.12,108,6,0.07963032673155578,0.1343092509933134,1.6866595492705614
two features,0.12,109,6,0.07963032673155578,0.13431223568507075,1.6866970311179914
two features,0.12,110,6,0.07963032673155578,0.1343133806054481,1.6867114090619775
two features,0.12,111,6,0.07963032673155578,0.13431559847197488,1.6867392610954655
two features,0.12,112,6,0.07963032673155578,0.13431662244219408,1.6867521201437858
two features,0.12,113,6,0.07963032673155578,0.13431645350300297,1.6867499986004235
two features,0.12,114,6,0.07963032673155578,0.13431738506018598,1.6867616971231
two features,0.12,115,6,0.07963032673155578,0.13431658704738372,1.6867516756547096
two features,0.12,116,6,0.07963032673155578,0.13431810166024227,1.686770696207817
two features,0.12,117,6,0.07963032673155578,0.13431814441509235,1.6867712331244897
two features,0.12,118,6,0.07963032673155578,0.13431796345460792,1.6867689606173701
two features,0.12,119,6,0.07963032673155578,0.1343182274143667,1.6867722754318335
two features,0.12,120,6,0.07963032673155578,0.13431854031939905,1.6867762049024912
two features,0.12,121,6,0.07963032673155578,0.1343178482165292,1.6867675134541666
two features,0.12,122,6,0.07963032673155578,0.1343197344017231,1.6867912002236591
two features,0.12,123,6,0.07963032673155578,0.13432012945687954,1.6867961613380067
two features,0.12,124,6,0.07963032673155578,0.1343202460764017,1.6867976258494175
two features,0.12,125,6,0.07963032673155578,0.1343199246782471,1.6867935897218795
two features,0.12,126,6,0.07963032673155578,0.13431998167112,1.6867943054400643
two features,0.12,127,6,0.07963032673155578,0.13431988026739183,1.6867930320090445
two features,0.12,128,6,0.07963032673155578,0.13431976013052205,1.686791523326678
two features,0.12,129,6,0.07963032673155578,0.13431925207416648,1.6867851431399272
two features,0.12,130,6,0.07963032673155578,0.1343202340241365,1.6867974744967147
two features,0.12,131,6,0.07963032673155578,0.1343196859473536,1.686790591732253
two features,0.12,132,6,0.07963032673155578,0.13432027857121495,1.6867980339202442
two features,0.12,133,6,0.07963032673155578,0.13431987079431718,1.6867929130458925
two features,0.12,134,6,0.07963032673155578,0.1343201320295302,1.6867961936454297
two features,0.12,135,6,0.07963032673155578,0.134320448978917,1.6868001739052105
two features,0.12,136,6,0.07963032673155578,0.1343204966112612,1.6868007720735985
two features,0.12,137,6,0.07963032673155578,0.1343204966112612,1.6868007720735985
two features,0.12,138,6,0.07963032673155578,0.13432022337795044,1.6867973408015948
two features,0.12,139,6,0.07963032673155578,0.13432040031239553,1.6867995627495933
two features,0.12,140,6,0.07963032673155578,0.1343209108215018,1.6868059737380598
two features,0.12,141,6,0.07963032673155578,0.13432169518499967,1.686815823798082
two features,0.12,142,6,0.07963032673155578,0.13432122868991908,1.6868099655390525
two features,0.12,143,6,0.07963032673155578,0.13432101819874986,1.6868073221847193
two features,0.12,144,6,0.07963032673155578,0.13432258388629545,1.6868269841352581
two features,0.12,145,6,0.07963032673155578,0.13432127657335574,1.6868105668606672
two features,0.12,146,6,0.07963032673155578,0.1343204887409978,1.686800673238598
two features,0.12,147,6,0.07963032673155578,0.13432187005595672,1.6868180198327363
two features,0.12,148,6,0.07963032673155578,0.1343204887409978,1.686800673238598
two features,0.12,149,6,0.07963032673155578,0.13432177671854606,1.6868168476987706
two features,0.2,0,6,0.07963032673155578,0.08967774703640012,1.1261758015726284
two features,0.2,1,0,0.07963032673155578,0.0,0.0
two features,0.35,0,6,0.07963032673155578,0.08967774703640012,1.1261758015726284
two features,0.35,1,0,0.07963032673155578,0.0,0.0
